AREACD,AREANM,Method,mapvar,Retail (47),Health (Q),Professional (M),Education (P),Finance (K),Food and Drink (56),Admin and support (N),Public admin (O),Information and communication (J),Construction (F),Manufacturing (C) ,Transport (H),Arts (R),"Other Services (S,T,U)","Wholesale (45,46,48)",Accommodation (55),Real estate (L),"Agriculture, electricity, water, mining (A,B,D,E)"
default,default,Bus,0,0,0,0,0,0,0,0,0,0,0,0,0,0,0,0,0,0,0
E06000047,County Durham UA,Bus,6.528839542,1.41366339,1.002103305,0.137523763,0.489928407,0.12690612,0.617845731,0.293754803,0.414593698,0.061683453,0.12943413,0.403976055,0.177971929,0.158253448,0.190106378,0.12943413,0.098592404,0.034380941,0.097581199
E06000005,Darlington UA,Bus,8.053755424,1.869587658,1.215805471,0.19498767,0.28483493,0.330714381,0.686280132,0.399533559,0.27527671,0.34983082,0.145284931,0.240867122,0.25998356,0.231308903,0.191164382,0.118521917,0.12999178,0.047791096,0.030586301
E06000001,Hartlepool UA,Bus,7.42758902,1.792062475,1.302523457,0.1923189,0.454571945,0.090331604,0.629407308,0.472055481,0.262253045,0.055364532,0.183577132,0.419604872,0.221458127,0.244769509,0.227285972,0.09615945,0.078675914,0.069934145,0.131126523
E06000002,Middlesbrough UA,Bus,10.45358633,2.355983564,1.829258619,0.255429868,0.756770478,0.152306008,0.778981771,0.594945344,0.542590154,0.144373404,0.244324221,0.250670305,0.198315115,0.274468119,0.279227682,0.220526408,0.095191255,0.12057559,0.058701274
E06000057,Northumberland UA,Bus,5.296082746,0.978912034,0.830348682,0.104395869,0.262595763,0.069864928,0.419189567,0.265807944,0.472993592,0.062637521,0.112426321,0.255368357,0.131699404,0.112426321,0.13732072,0.11082023,0.100380643,0.025697445,0.040152257
E06000003,Redcar and Cleveland UA,Bus,5.842394253,1.106842893,1.020031686,0.110684289,0.399331554,0.058597565,0.609848731,0.295158105,0.210517178,0.041235323,0.217028018,0.258263342,0.210517178,0.164941294,0.204006337,0.11502485,0.062938125,0.058597565,0.056427284
E06000004,Stockton-on-Tees UA,Bus,6.553344804,1.304895089,1.00696329,0.181299583,0.331420257,0.318717738,0.472302736,0.359134843,0.353360971,0.113167893,0.159358869,0.300241348,0.236728755,0.161668418,0.161668418,0.158204095,0.038107556,0.064667367,0.08083421
E08000037,Gateshead,Bus,16.76533732,3.695270314,1.837876521,0.34372086,0.626721315,0.232038688,1.111400256,0.844664194,0.634311366,0.278663284,0.410947021,0.980200811,0.489016113,0.363238132,0.287337627,0.471667426,0.175655455,0.106260707,0.086743435
E08000021,Newcastle upon Tyne,Bus,27.85263467,3.064729194,2.910905622,0.939380596,1.652135623,0.76442096,1.530603258,1.060912961,1.190077792,0.505504183,0.352267723,0.406282108,0.44150888,0.528988698,0.508439747,0.244238955,0.286511082,0.180243652,0.058124174
E08000022,North Tyneside,Bus,15.00272003,1.688781665,1.558693441,0.262541687,0.424560657,0.487239528,0.586579626,0.659902079,0.970931195,0.66463256,0.314576977,0.415099695,0.171479931,0.16438421,0.224697841,0.206958537,0.089879136,0.076870314,0.086331276
E08000023,South Tyneside,Bus,15.04878387,2.388727266,2.141344574,0.191968968,0.643194997,0.146450553,0.969740149,0.643194997,0.484870075,0.110827446,0.324566091,0.684755289,0.294880168,0.372063567,0.358210137,0.203843337,0.069267154,0.085099646,0.067288092
E08000024,Sunderland,Bus,14.16589592,2.433182346,2.041881092,0.237942783,0.732010024,0.483000134,0.964419254,0.813432305,0.961257223,0.214227556,0.316993542,0.750191698,0.434779172,0.351775875,0.331222679,0.277468162,0.082212789,0.135967305,0.479838104
E06000008,Blackburn with Darwen UA,Bus,7.16787803,1.413514806,1.263830378,0.223755073,0.348749286,0.124994213,0.353378702,0.303998272,0.266962949,0.151227567,0.12808049,0.564788667,0.182090335,0.188262889,0.134253044,0.175917782,0.021603938,0.044751015,0.052466706
E06000009,Blackpool UA,Bus,8.768644975,1.90383284,1.513625779,0.171502297,0.31625653,0.155768141,0.950343005,0.35873875,0.681288942,0.056642961,0.12429983,0.294228712,0.31625653,0.44055636,0.157341557,0.118006168,0.519227138,0.055069545,0.044055636
E06000049,Cheshire East UA,Bus,3.897918418,0.41151365,0.377129883,0.105334396,0.089506948,0.09114427,0.22922511,0.146267451,0.050211215,0.096602011,0.038749959,0.187200506,0.066584437,0.053485859,0.069313307,0.072042177,0.045845022,0.015281674,0.016373222
E06000050,Cheshire West and Chester UA,Bus,5.60861588,1.366652424,0.457435846,0.186618745,0.195415588,0.202327393,0.387689446,0.246939955,0.209867545,0.08671174,0.077286551,0.138864453,0.085455048,0.101792043,0.118757383,0.077914897,0.132580994,0.045240908,0.023877146
E06000006,Halton UA,Bus,6.631608178,1.560276303,0.989274185,0.131903225,0.307195668,0.105869693,0.395709674,0.406123087,0.310666806,0.211739387,0.140581068,0.360998299,0.206532681,0.163143462,0.105869693,0.183970287,0.071158319,0.062480475,0.052067062
E06000007,Warrington UA,Bus,7.154244719,1.378515605,0.76247249,0.179354324,0.183686554,0.129966902,0.455750602,0.412428302,0.290259414,0.207080597,0.093576169,0.16289185,0.336181053,0.149028714,0.130833348,0.164624742,0.060651221,0.042455855,0.10657286
E07000026,Allerdale,Bus,3.80502606,1.086451171,0.403748746,0.04649228,0.234908361,0.024469621,0.242249248,0.161499498,0.171287347,0.017128735,0.122348105,0.183522157,0.13947684,0.085643673,0.146817726,0.090537598,0.16394646,0.017128735,0.053833165
E07000027,Barrow-in-Furness,Bus,5.893221203,0.984327217,0.987512742,0.114678899,0.207059123,0.140163099,0.379077472,0.232543323,0.337665647,0.073267074,0.168832824,0.688073394,0.105122324,0.114678899,0.136977574,0.028669725,0.05733945,0.041411825,0.028669725
E08000001,Bolton,Bus,8.868164917,1.72821744,1.040917325,0.226211009,0.387418854,0.207143414,0.510491511,0.471489612,0.480156701,0.085804176,0.175075187,0.586761889,0.28514721,0.19500949,0.156007593,0.274746704,0.076270378,0.07540367,0.124806074
E07000117,Burnley,Bus,8.198899726,1.666356606,1.520184974,0.170090626,0.356127249,0.247162942,0.653785845,0.419911234,0.372073245,0.039864991,0.191351955,0.815903474,0.300316262,0.265766604,0.239189943,0.239189943,0.037207325,0.079729981,0.029234326
E08000002,Bury,Bus,9.934008158,1.723647303,1.710096616,0.181579197,0.434977032,0.234426874,0.581324444,0.430911826,0.245267423,0.170738648,0.163963305,0.475629091,0.250687697,0.173448785,0.184289335,0.159898099,0.067753432,0.046072334,0.05013754
E07000028,Carlisle,Bus,7.261177792,1.679300905,0.821225521,0.25093002,0.377272408,0.157927985,0.651014249,0.350951077,0.463255422,0.066680705,0.150908963,0.438688847,0.245665754,0.124587632,0.235137221,0.175475539,0.142135186,0.075454482,0.059661683
E07000118,Chorley,Bus,4.508833584,0.616796959,1.001697387,0.150613211,0.155394583,0.08128332,0.260584762,0.210380358,0.107580865,0.035860288,0.078892634,0.188864185,0.100408807,0.119534294,0.112362237,0.126706352,0.047813718,0.014344115,0.033469603
E07000029,Copeland,Bus,6.139620366,0.870114579,0.488183097,0.114866611,0.172299917,0.031588318,0.370444821,0.25557821,0.137839933,0.031588318,0.514028085,0.46808144,0.05456164,0.114866611,0.091893289,0.091893289,0.060304971,0.014358326,0.264193207
E07000030,Eden,Bus,4.403984885,0.649261422,0.199244246,0.024046719,0.072140158,0.013740982,0.608038475,0.21985572,0.037787702,0.013740982,0.085881141,0.278254895,0.106492614,0.120233597,0.044658193,0.072140158,1.233253178,0.013740982,0.089316386
E07000119,Fylde,Bus,4.842144246,0.620312934,0.712896954,0.129617628,0.275437459,0.261549856,0.488380705,0.148134432,0.224516248,0.122673826,0.076381816,0.363392278,0.057865012,0.097213221,0.136561429,0.09258402,0.219887047,0.025460605,0.034719007
E07000120,Hyndburn,Bus,6.088955586,1.238864587,1.053673489,0.121332099,0.303330247,0.102174399,0.348031546,0.383153996,0.159647498,0.079823749,0.143682748,0.667326543,0.095788499,0.121332099,0.102174399,0.303330247,0.063858999,0.0447013,0.0255436
E08000011,Knowsley,Bus,10.83344943,1.424491502,2.087977152,0.207230426,0.548551128,0.205488994,0.494566732,0.733142937,0.360476456,0.076623015,0.38833937,0.830663137,0.318682084,0.276887712,0.259473391,0.233351909,0.069657286,0.094037336,0.182850375
E07000121,Lancaster,Bus,7.481603996,1.169580774,1.027813407,0.167082968,1.189833255,0.096199284,0.582258827,0.318976575,0.205900223,0.101262405,0.113076352,0.121514886,0.116451765,0.167082968,0.232903531,0.07257139,0.158644434,0.045568082,0.079322217
E08000012,Liverpool,Bus,27.15500857,3.264716565,3.230084384,0.805831721,1.272099133,0.750927044,1.726963265,1.11878838,1.400069264,0.345899465,0.388556176,0.508924122,0.584523639,0.660545499,0.419387264,0.309155566,0.373351804,0.245381672,0.083201703
E08000003,Manchester,Bus,27.29610363,2.569217391,2.201429386,1.414425394,1.676863953,1.440295228,1.682474278,1.428762892,0.740562965,0.471579026,0.277087742,0.446020877,0.576616787,0.520825217,0.348775234,0.327580672,0.460981745,0.215062477,0.060778526
E08000004,Oldham,Bus,10.33083262,2.324437339,1.454590177,0.225847207,0.57356246,0.225847207,0.626111068,0.619402735,0.4796458,0.148701379,0.289576369,1.066624926,0.533312463,0.250444427,0.230319429,0.409208305,0.05925694,0.130812491,0.070437494
E07000122,Pendle,Bus,5.581917005,1.242343197,0.681563282,0.117907572,0.253069911,0.066143272,0.402611221,0.278952061,0.166796077,0.071894861,0.140913927,1.098553475,0.092025422,0.12941075,0.135162338,0.161044489,0.043136917,0.031633739,0.043136916
E07000123,Preston,Bus,13.14100731,1.988080667,1.611740886,0.411800368,0.600542204,0.6462978,0.65087336,0.676038938,1.333775637,0.240216882,0.168151817,0.375195891,0.409512589,0.211619634,0.217339083,0.368332552,0.115532881,0.073208954,0.069777284
E07000124,Ribble Valley,Bus,3.397961223,0.446398827,0.396428809,0.063295356,0.116596709,0.049970018,0.283163435,0.119928043,0.193217403,0.043307349,0.093277367,0.526350856,0.049970018,0.059964022,0.043307349,0.099940036,0.076620694,0.023319342,0.026650677
E08000005,Rochdale,Bus,8.346848716,1.409371503,1.201926099,0.253963464,0.450093665,0.173499793,0.462666113,0.516727643,0.349514075,0.133267957,0.236362036,0.870013453,0.328140912,0.209959894,0.202416425,0.319340198,0.080463672,0.09555061,0.074177447
E07000125,Rossendale,Bus,5.515656421,1.013666024,0.948003447,0.213403373,0.246234662,0.07797431,0.447326302,0.262650306,0.135429064,0.04103911,0.151844708,0.796158739,0.192883818,0.16005253,0.184675996,0.250338573,0.012311733,0.049246932,0.049246932
E08000006,Salford,Bus,12.46781003,1.069495296,1.502198553,0.317082144,0.671828741,0.330220906,0.571974143,0.835625318,0.804968204,0.200585113,0.288176865,0.358250267,0.249636494,0.193577773,0.155037402,0.300439711,0.20146103,0.098102763,0.079708494
E08000014,Sefton,Bus,12.09357155,1.602040718,1.453238383,0.173924807,0.513078179,0.364275845,0.559458128,0.469596978,0.771066642,0.065704927,0.186486043,0.266684703,0.291807175,0.212574764,0.241562232,0.150734832,0.10821988,0.075367416,0.052177442
E07000031,South Lakeland,Bus,3.086090698,0.704413053,0.281765221,0.036172562,0.098998591,0.041884019,0.215131554,0.10090241,0.045691657,0.015230552,0.051403115,0.119940601,0.041884019,0.057114572,0.059018391,0.038076381,0.197997182,0.001903819,0.081864219
E07000126,South Ribble,Bus,4.39114466,0.671658448,0.622958138,0.097400621,0.186684523,0.040583592,0.326697916,0.186684523,0.158276009,0.042612772,0.144071752,0.371339867,0.140013393,0.099429801,0.097400621,0.213063858,0.054787849,0.083196364,0.083196363
E08000013,St. Helens,Bus,8.206575074,1.725036801,1.199092247,0.210071148,0.401741904,0.099668793,0.529011286,0.475343474,0.276005888,0.069001472,0.13953631,0.357274289,0.312806673,0.219271344,0.203937684,0.25607213,0.070534838,0.084335132,0.044467615
E08000007,Stockport,Bus,11.62240025,1.875369983,1.435731481,0.380441217,0.469631793,0.524093295,0.650380836,0.767986108,0.48147125,0.254153676,0.236789139,0.614862465,0.431745531,0.233631951,0.263625241,0.327558309,0.095504953,0.097872844,0.158648724
E08000008,Tameside,Bus,10.33873675,1.99308496,1.453160624,0.229248616,0.496078972,0.236764964,0.592538772,0.556209756,0.402124621,0.122767018,0.341993837,0.994663393,0.249292211,0.235512239,0.263072182,0.365795605,0.073910756,0.11525067,0.062636234
E08000009,Trafford,Bus,12.40702012,2.7210259,0.743839006,0.330935582,0.297229181,0.30718789,0.913903125,0.72621975,0.284206253,0.376898858,0.178490719,0.409073151,0.267353052,0.433586897,0.187683374,0.314848436,0.112610025,0.068944913,0.104183424
E07000127,West Lancashire,Bus,4.649296989,0.704013479,0.54154883,0.05014341,0.266762942,0.090258138,0.294843252,0.144413021,0.068195038,0.048137674,0.056160619,0.220631005,0.094269611,0.086246665,0.066189301,0.092263875,0.042120465,0.004011473,0.064183565
E08000010,Wigan,Bus,7.512488358,1.439336212,1.044788756,0.156633647,0.343747354,0.091440183,0.557107781,0.486834307,0.204893743,0.063500127,0.22182711,0.472440945,0.310727288,0.255693845,0.198967065,0.193040386,0.037253408,0.072813479,0.050800101
E08000015,Wirral,Bus,10.92648361,1.295837024,1.682905226,0.232949513,0.529672276,0.143489814,0.519929141,0.401240035,0.487156776,0.062001771,0.13020372,0.425155004,0.212577502,0.186005314,0.199291409,0.15323295,0.079716563,0.068201949,0.056687334
E07000128,Wyre,Bus,4.501143022,0.956460047,0.604356623,0.102477862,0.210210999,0.091967312,0.554431511,0.110360775,0.315316499,0.070946212,0.120871325,0.262763749,0.099850225,0.0840844,0.141892424,0.0840844,0.097222587,0.015765825,0.044669837
E06000011,East Riding of Yorkshire UA,Bus,3.244223735,0.480983675,0.549377026,0.061702697,0.164292724,0.038657111,0.233429481,0.158345476,0.094412561,0.059472479,0.078801035,0.192542151,0.075084005,0.057985667,0.082518065,0.079544441,0.046091171,0.017841744,0.036426894
E06000010,"Kingston upon Hull, City of UA",Bus,13.01242062,2.987034827,1.683310243,0.568577675,0.718329823,0.22743107,0.932947875,0.93855357,0.816829899,0.266670938,0.347553114,0.735947723,0.379585659,0.404410881,0.277882328,0.318723823,0.156959471,0.127329367,0.093695195
E06000012,North East Lincolnshire UA,Bus,6.174498523,1.450188273,0.992455102,0.205769958,0.375145229,0.078388555,0.604711712,0.306555243,0.257562396,0.04479346,0.135780176,0.452133988,0.174974454,0.155377315,0.162376293,0.184773023,0.082587942,0.043393665,0.034994892
E06000013,North Lincolnshire UA,Bus,2.64208153,0.542928966,0.384844637,0.063492886,0.119211133,0.037577422,0.221577215,0.137351958,0.08940835,0.014253505,0.049239381,0.355041853,0.079042164,0.072563299,0.046647835,0.063492886,0.045352062,0.019436598,0.025915464
E06000014,York UA,Bus,9.981331554,1.862008261,0.991458944,0.336612402,0.492344002,0.612286353,0.657748373,0.331776017,0.443980151,0.152829769,0.138320614,0.127680566,0.327906909,0.20119362,0.253426579,0.098662256,0.258262964,0.058036621,0.025149202
E08000016,Barnsley,Bus,7.692676783,1.377076711,1.234330954,0.133149403,0.42823727,0.131949859,0.555388952,0.429436814,0.341870089,0.08636718,0.197924789,0.576980747,0.325076471,0.205122054,0.202722965,0.196725244,0.085167636,0.049181311,0.068374018
E08000032,Bradford,Bus,11.89495078,1.61097852,1.478128729,0.289472703,0.722982548,0.508558323,0.559833681,0.624627088,0.517881116,0.138443467,0.212093526,0.772393347,0.375242393,0.237731205,0.188786545,0.31697494,0.092295644,0.090897226,0.071319361
E08000033,Calderdale,Bus,11.03214819,1.497024873,1.36246084,0.283846008,0.52143563,1.305691638,0.706461176,0.470974117,0.398435693,0.148230693,0.231281933,0.924076449,0.261769097,0.216563992,0.202897332,0.295410105,0.085153802,0.057820483,0.097769182
E07000163,Craven,Bus,4.855600246,0.532666594,0.380476139,0.108707468,0.195673443,0.329745987,0.333369569,0.257274341,0.050730152,0.028988658,0.072471645,0.315251658,0.043482987,0.054353734,0.101460304,0.086965975,0.072471645,0.014494329,0.025365076
E08000017,Doncaster,Bus,9.347303707,2.004275371,1.207714393,0.181001123,0.435338909,0.185682187,0.649107477,0.531300712,0.340937461,0.149013856,0.219229809,0.484490076,0.297247535,0.22469105,0.222350518,0.298807889,0.099862689,0.045250281,0.079578081
E07000164,Hambleton,Bus,2.543839997,0.246440864,0.230147254,0.038697326,0.201633434,0.034623923,0.146642498,0.103871769,0.136458991,0.022403715,0.079431353,0.236257358,0.036660624,0.036660624,0.042770728,0.063137742,0.026477118,0.006110104,0.008146805
E07000165,Harrogate,Bus,5.601188607,0.948227961,0.705433286,0.183605924,0.166694852,0.212596333,0.419152997,0.227091537,0.152199647,0.055564951,0.080931558,0.141328244,0.132872708,0.100258498,0.205348731,0.124417172,0.175150388,0.024158674,0.038653878
E08000034,Kirklees,Bus,9.635909153,1.776605836,1.212244143,0.232664968,0.665779756,0.153320248,0.638337221,0.406865406,0.374650257,0.1133496,0.224312893,0.953329794,0.326924109,0.207608741,0.222523163,0.31737888,0.051902185,0.072782375,0.073378951
E08000035,Leeds,Bus,18.66693893,2.081586119,1.980460365,0.818729656,0.962153201,1.001533903,0.962396291,0.940031942,0.7650066,0.345918142,0.29365363,0.604566703,0.403044469,0.399641198,0.274935642,0.347862868,0.205411686,0.111821746,0.156793535
E07000166,Richmondshire,Bus,3.848075962,0.385521525,0.289141144,0.032126794,0.064253587,0.039266081,0.367673306,0.182051831,0.214178625,0.032126794,0.046405369,0.049975012,0.032126794,0.074962519,0.074962519,0.046405369,0.103519669,0.010708931,0.039266081
E08000018,Rotherham,Bus,9.071238349,1.686640036,1.253883711,0.237646101,0.528924397,0.182164521,0.584405977,0.781365587,0.291278296,0.210830004,0.245043646,0.816503921,0.396693298,0.169218819,0.207131232,0.275558515,0.073050747,0.042535878,0.152574345
E07000167,Ryedale,Bus,2.307897038,0.269951713,0.20151325,0.17870043,0.098855557,0.072240599,0.186304703,0.102657694,0.110261967,0.015208547,0.045625642,0.136876925,0.045625642,0.148283335,0.038021368,0.041823505,0.079844873,0,0.015208547
E07000168,Scarborough,Bus,5.214248838,1.159438995,0.826019618,0.131216658,0.251677852,0.073137154,0.492600241,0.165634142,0.1484254,0.049475133,0.088194803,0.4452762,0.060230597,0.152727586,0.109705731,0.079590432,0.255980038,0.043021855,0.030115299
E07000169,Selby,Bus,3.111422565,0.445690259,0.229852838,0.072880168,0.137351086,0.15697267,0.232655922,0.190609671,0.137351086,0.033637001,0.056061668,0.308339173,0.095304835,0.044849334,0.078486335,0.089698669,0.053258584,0.00840925,0.072880167
E08000019,Sheffield,Bus,18.50259389,2.151349167,2.513464991,0.669723687,1.422543425,0.470750571,0.952174029,0.703648222,1.051279412,0.31828075,0.310657259,0.842395758,0.447498923,0.40785677,0.323617195,0.328572463,0.141415759,0.161999184,0.065562024
E08000036,Wakefield,Bus,8.071565596,1.551818475,1.085086326,0.165465776,0.318406255,0.137778276,0.539906258,0.41992709,0.308517862,0.110750002,0.164147324,0.619013402,0.349389886,0.163488098,0.182605658,0.346093755,0.064604168,0.055375001,0.069877977
E06000015,Derby UA,Bus,9.719106093,1.953310334,1.843944255,0.289498444,0.530747147,0.186565664,0.693992103,0.434247666,0.499384816,0.122232676,0.160832469,0.533159634,0.266981898,0.223557132,0.228382106,0.213103021,0.112582728,0.097303644,0.039403955
E06000016,Leicester UA,Bus,14.11621818,2.393696558,2.427874786,0.433941421,1.020464214,0.552954891,0.800136713,0.893516512,1.058304394,0.210562293,0.270374191,0.931356693,0.23802694,0.305773069,0.289904606,0.341782272,0.112910215,0.145867791,0.110468913
E06000018,Nottingham UA,Bus,22.59796857,3.289639238,3.070596848,1.094640038,1.886166587,0.707455448,1.3216892,1.257635028,1.433212088,0.526731178,0.354585592,0.792670373,0.644545101,0.550751493,0.404341958,0.409489168,0.267083019,0.291103333,0.30311349
E06000017,Rutland UA,Bus,2.004876727,0.303440802,0.189650501,0.027092929,0.151720401,0.021674343,0.119208886,0.065023029,0.065023029,0.021674343,0.048767272,0.151720401,0.027092929,0.016255757,0.059604443,0.0379301,0.032511514,0.010837171,0.016255757
E07000032,Amber Valley,Bus,4.728739666,0.937064708,0.59516272,0.101304293,0.204417591,0.070551204,0.345519999,0.189945549,0.097686282,0.08321424,0.11758534,0.606016751,0.291249842,0.072360209,0.115776335,0.150147434,0.048843141,0.021708063,0.04522513
E07000170,Ashfield,Bus,5.96157097,0.867752296,1.205837606,0.103303845,0.210364193,0.052591048,0.298642024,0.293007269,0.114573355,0.088277831,0.165286152,0.525910483,0.302398527,0.099547341,0.114573355,0.33808531,0.035686783,0.026295524,0.304276779
E07000171,Bassetlaw,Bus,3.257885542,0.675766477,0.453070706,0.046074987,0.113267676,0.032636449,0.226535353,0.167021828,0.071032272,0.03455624,0.059513525,0.270690549,0.145904126,0.061433316,0.080631227,0.13630517,0.05183436,0.013438538,0.03455624
E07000129,Blaby,Bus,5.5,1.398467433,0.5,0.137931034,0.157088123,0.304597701,0.404214559,0.243295019,0.32183908,0.076628352,0.068965517,0.413793103,0.245210728,0.063218391,0.090038314,0.180076628,0.090038314,0.017241379,0.316091954
E07000033,Bolsover,Bus,4.285326824,0.864524003,0.759425007,0.054244643,0.176295091,0.016951451,0.352590182,0.179685381,0.074586385,0.050854353,0.152563059,0.362761052,0.210197993,0.101708706,0.128831028,0.237320315,0.033902902,0.010170871,0.040683483
E07000136,Boston,Bus,2.200121518,0.447699146,0.249432381,0.025582808,0.057561319,0.03197851,0.115122638,0.313389402,0.028780659,0.006395702,0.06075917,0.243036679,0.041572064,0.025582808,0.038374213,0.079946276,0.012791404,0.009593553,0.12471619
E07000172,Broxtowe,Bus,8.832880365,1.97425773,1.346084816,0.246141224,0.423055228,0.123070612,0.564073637,0.435875083,0.402543459,0.161530178,0.156402236,0.497410389,0.343572125,0.169222091,0.194861802,0.253833137,0.097430901,0.084611046,0.084611045
E07000130,Charnwood,Bus,5.026156529,0.926102311,0.619843794,0.121624196,0.455724397,0.077663643,0.34142696,0.168515452,0.15825799,0.076198291,0.136277713,0.348753718,0.159723342,0.117228141,0.224198819,0.118693492,0.061544774,0.029307035,0.051287312
E07000034,Chesterfield,Bus,9.537177688,2.174707251,1.678620186,0.24035226,0.436479705,0.192281808,0.721056781,0.446093795,0.407637433,0.132674448,0.151902628,0.61145615,0.373026708,0.278808622,0.274962986,0.365335436,0.082681178,0.061530179,0.034610725
E07000150,Corby,Bus,5.734477862,1.265005809,0.345294953,0.064541113,0.219439783,0.035497612,0.287207951,0.438879566,0.151671615,0.054859946,0.093584613,1.287595198,0.242029173,0.109719892,0.10326578,0.63572996,0.029043501,0.012908223,0.0290435
E07000151,Daventry,Bus,1.98019802,0.272598688,0.203163173,0.020573486,0.108010801,0.0180018,0.154301144,0.110582487,0.015430114,0.0180018,0.041146972,0.10286743,0.095152372,0.030860229,0.051433715,0.144014401,0.095152372,0.0180018,0.012858429
E07000035,Derbyshire Dales,Bus,3.494226454,0.522629015,0.336562141,0.076615772,0.166912932,0.046516719,0.342034696,0.103978548,0.169649209,0.016417665,0.062934384,0.514420183,0.060198106,0.093033437,0.098505993,0.084824605,0.11218738,0.027362776,0.046516719
E07000137,East Lindsey,Bus,2.124605225,0.470858455,0.239257345,0.034453058,0.105273232,0.011484353,0.208632405,0.179921524,0.049765528,0.007656235,0.047851469,0.068906115,0.051679587,0.103359173,0.057421763,0.032538999,0.202890229,0.005742176,0.036367117
E07000152,East Northamptonshire,Bus,2.133435534,0.245919964,0.357701766,0.057487784,0.10539427,0.038325189,0.130944397,0.10539427,0.028743892,0.02235636,0.019162595,0.137331928,0.054294018,0.02235636,0.08303791,0.124556865,0.015968829,0.019162595,0.019162595
E07000036,Erewash,Bus,6.004768629,1.254658673,1.106507095,0.122688025,0.412046575,0.120373157,0.432880391,0.238431445,0.136577236,0.032408158,0.157411051,0.685201046,0.206023288,0.11574342,0.152781315,0.164355656,0.099539341,0.034723026,0.060186579
E07000173,Gedling,Bus,8.401733093,1.681961301,1.391318389,0.145321456,0.500551683,0.142630318,0.586668102,0.39290616,0.479022579,0.099572109,0.263731532,0.893457843,0.317554294,0.172232837,0.301407465,0.314863156,0.045749347,0.051131624,0.118410075
E07000131,Harborough,Bus,2.793927268,0.513122278,0.193009297,0.051782982,0.138872543,0.042367895,0.185947982,0.190655525,0.115334824,0.051782982,0.065905614,0.11062728,0.089443333,0.054136754,0.082382017,0.12239614,0.021183947,0.030599035,0.030599036
E07000037,High Peak,Bus,4.656903534,0.643479226,0.435457924,0.124812781,0.208021301,0.066566816,0.266267266,0.133133633,0.072114051,0.022188939,0.085982138,0.42991069,0.099850225,0.047151495,0.085982138,0.080434903,0.049925112,0.019415321,0.027736174
E07000132,Hinckley and Bosworth,Bus,2.749526548,0.481634753,0.329662622,0.067802951,0.137943934,0.049098688,0.18470459,0.119239672,0.030394426,0.035070492,0.065464918,0.289916065,0.086507213,0.063126885,0.112225574,0.123915737,0.037408524,0.014028197,0.130929836
E07000153,Kettering,Bus,3.852123607,0.677296458,0.848972297,0.12934481,0.131696534,0.0493862,0.261041343,0.171675838,0.082310333,0.025868962,0.054089648,0.253986172,0.138751705,0.047034476,0.077606886,0.174027562,0.023517238,0.018813791,0.025868962
E07000138,Lincoln,Bus,6.831960909,1.719301421,0.814405936,0.256990318,0.367387567,0.15021265,0.465116279,0.246131572,0.474165234,0.086869967,0.088679757,0.35471903,0.15021265,0.123065786,0.182788888,0.137544114,0.03800561,0.086869967,0.059723102
E07000174,Mansfield,Bus,7.178067555,1.767805541,0.990748161,0.148126563,0.410383429,0.133556737,0.672640295,0.398241908,0.228260606,0.070420825,0.174837911,0.526942036,0.216119084,0.220975693,0.254971953,0.211262475,0.041281173,0.067992521,0.06799252
E07000133,Melton,Bus,3.207572563,0.435153201,0.282625275,0.062805617,0.130097349,0.004486115,0.318514199,0.112152887,0.080750079,0.040375039,0.053833386,0.246736351,0.053833386,0.071777848,0.556278319,0.071777848,0.103180656,0.017944462,0.035888924
E07000175,Newark and Sherwood,Bus,3.045021848,0.555945693,0.347222222,0.085830212,0.101435705,0.01755618,0.292602996,0.134597378,0.054619226,0.042915106,0.050717853,0.159956305,0.068274032,0.091682272,0.097534332,0.048767166,0.191167291,0.0292603,0.037063047
E07000038,North East Derbyshire,Bus,5.724214184,0.666561365,0.890854525,0.15795293,0.27167904,0.138998578,0.442268204,0.265360922,0.094771758,0.078976465,0.13583952,1.096193334,0.176907282,0.13583952,0.173748223,0.199020692,0.060022113,0.031590586,0.04738588
E07000139,North Kesteven,Bus,2.690514905,0.277506775,0.329539295,0.030352304,0.093224932,0.008672087,0.145257453,0.101897019,0.171273713,0.032520325,0.045528455,0.46395664,0.112737127,0.034688347,0.036856369,0.069376694,0.017344173,0.008672087,0.080216802
E07000134,North West Leicestershire,Bus,3.105187053,0.517222202,0.246561121,0.053761447,0.088984465,0.057469134,0.23358422,0.189091988,0.120499796,0.031515331,0.053761447,0.268807237,0.435653109,0.046346075,0.066738349,0.113084424,0.113084424,0.011123058,0.059322976
E07000154,Northampton,Bus,7.27376429,1.309311123,1.015743607,0.151816344,0.330473147,0.387509122,0.446222625,0.500742306,0.348087198,0.165236573,0.109039363,0.388347886,0.467191733,0.142589937,0.176140509,0.270082115,0.076327554,0.035228102,0.082198905
E07000135,Oadby and Wigston,Bus,6.706485444,1.551991723,0.959413065,0.112872125,0.526736585,0.112872125,0.427973475,0.348022386,0.126981141,0.070545078,0.094060104,0.818322908,0.244556271,0.141090157,0.183417204,0.31510135,0.037624042,0.061139068,0.042327047
E07000176,Rushcliffe,Bus,8.301421432,1.222388092,1.317582917,0.322364293,0.616602843,0.339672443,0.616602843,0.426213193,0.644728587,0.25962225,0.15577335,0.261785768,0.110339456,0.292075031,0.179572056,0.231496506,0.058415006,0.047597412,0.155773349
E07000039,South Derbyshire,Bus,2.462232111,0.345473709,0.360112425,0.114181989,0.169809111,0.01756646,0.254713667,0.108326502,0.038060663,0.014638716,0.043916149,0.155170395,0.096615529,0.076121326,0.073193583,0.143459421,0.046843893,0.011710973,0.023421947
E07000140,South Holland,Bus,1.827929538,0.367628287,0.142966556,0.028082716,0.058718407,0.022976768,0.112330865,0.191473066,0.033188665,0.007658923,0.051059484,0.255297421,0.04850651,0.033188665,0.045953536,0.107224917,0.015317845,0.007658923,0.058718407
E07000141,South Kesteven,Bus,2.680523266,0.506610222,0.241160346,0.036434297,0.105832957,0.038169263,0.164821819,0.166556785,0.03469933,0.024289531,0.03990423,0.291474375,0.07460356,0.053783962,0.058988862,0.067663694,0.053783962,0.019084632,0.029494432
E07000155,South Northamptonshire,Bus,2.762590761,0.188029738,0.21695739,0.07231913,0.130174434,0.014463826,0.188029738,0.095461251,0.052069773,0.028927652,0.052069773,0.488877318,0.164887616,0.031820417,0.075211895,0.118603373,0.115710608,0.008678296,0.080997426
E07000156,Wellingborough,Bus,3.374304267,0.634856215,0.252203154,0.095663265,0.124652134,0.066674397,0.115955473,0.342068646,0.11885436,0.037685529,0.049281076,0.202922078,0.092764378,0.06377551,0.072472171,0.113056586,0.026089981,0.014494434,0.023191094
E07000142,West Lindsey,Bus,2.414858708,0.379113702,0.216636401,0.041415783,0.130619007,0,0.108318201,0.063716589,0.302653796,0.003185829,0.038229953,0.331326261,0.041415783,0.038229953,0.041415782,0.041415783,0.009557488,0.019114977,0.172034789
E06000019,"Herefordshire, County of UA",Bus,2.231170599,0.465063521,0.305127042,0.04423775,0.119101633,0.022686025,0.156533575,0.085072595,0.06238657,0.01814882,0.046506352,0.098684211,0.054446461,0.040834846,0.04537205,0.038566243,0.034029038,0.020417423,0.037431942
E06000051,Shropshire UA,Bus,2.935534301,0.61851025,0.387763601,0.068950922,0.119469419,0.049835815,0.238938838,0.098306265,0.103767724,0.029355343,0.043008991,0.107863819,0.068950922,0.063489463,0.079191158,0.05120118,0.03413412,0.029355343,0.030720708
E06000021,Stoke-on-Trent UA,Bus,7.69036153,1.750942211,1.126291178,0.150055835,0.394332775,0.172738693,0.513853992,0.424867393,0.262597711,0.133479899,0.189314629,0.685720268,0.373394752,0.326284199,0.148311,0.231190676,0.050600223,0.061941653,0.09247627
E06000020,Telford and Wrekin UA,Bus,5.407121633,1.048356178,0.469663568,0.076679766,0.177321959,0.149765168,0.298332215,0.257596089,0.226444934,0.140180197,0.070689159,0.789561967,0.08866098,0.077877887,0.09824595,0.118614013,0.077877887,0.038339883,0.061104189
E08000025,Birmingham,Bus,23.9094745,2.279860586,2.684480266,0.878987309,1.392511681,0.998904835,1.091698159,1.03092363,0.975655519,0.310806649,0.37484424,0.981569818,0.614475351,0.423382286,0.350167334,0.454585316,0.232901046,0.235348342,0.082392313
E07000234,Bromsgrove,Bus,4.508967129,0.612203424,0.650307372,0.086368948,0.177818422,0.221002896,0.271808159,0.26418737,0.058426053,0.025402632,0.073667632,0.322613423,0.10415079,0.139714474,0.137174211,0.10415079,0.096530001,0.027942895,0.025402631
E07000192,Cannock Chase,Bus,4.030414344,0.958154589,0.539443602,0.048806802,0.238896453,0.048806802,0.321097382,0.179814534,0.118163837,0.02825657,0.128438953,0.310822266,0.079632151,0.089907267,0.13614529,0.141282848,0.025687791,0.010275116,0.030825348
E08000026,Coventry,Bus,12.00056426,1.747185426,1.763978827,0.309670312,1.260176801,0.473573904,0.689872908,0.698605476,0.621355832,0.169277481,0.163231856,0.465513072,0.345272322,0.263992262,0.270037886,0.316387672,0.156514496,0.147110192,0.17263616
E08000027,Dudley,Bus,8.775258131,1.986744274,1.307004868,0.160651,0.462578005,0.157421834,0.623229004,0.583671723,0.41010406,0.142083296,0.244609311,0.743515431,0.234114522,0.217968693,0.161458291,0.307578045,0.083958311,0.048437487,0.071041648
E07000193,East Staffordshire,Bus,3.776661008,1.025261778,0.460527422,0.070591795,0.176479486,0.053784224,0.300855505,0.171437215,0.077314823,0.05042271,0.065549524,0.305897776,0.085718608,0.084037851,0.060507252,0.090760879,0.040338168,0.031934383,0.040338168
E07000194,Lichfield,Bus,3.827453766,0.579446307,0.41959905,0.053282419,0.126545745,0.039961814,0.297493506,0.235330684,0.104344737,0.033301512,0.095464334,0.36409653,0.11322514,0.115445241,0.077703528,0.075483427,0.039961814,0.015540706,0.079923629
E07000235,Malvern Hills,Bus,2.628825115,0.345647693,0.345647693,0.057079436,0.107816712,0.041224037,0.225146662,0.053908356,0.022197558,0.047566196,0.050737276,0.161725067,0.034881877,0.025368638,0.066592675,0.044395117,0.025368638,0.022197558,0.019026479
E07000195,Newcastle-under-Lyme,Bus,5.867753587,1.297443451,0.780887427,0.147299179,0.484271273,0.090800864,0.502431445,0.320829718,0.098872051,0.1331746,0.117032224,0.322847515,0.250206824,0.147299179,0.145281382,0.288544967,0.04640933,0.068605097,0.024213564
E07000218,North Warwickshire,Bus,3.736225029,0.485583455,0.344688774,0.062899411,0.145926634,0.045287576,0.241533739,0.176118352,0.03522367,0.080511246,0.125798823,0.46797162,0.374880491,0.055351482,0.080511246,0.19121421,0.163538469,0.015095859,0.03522367
E07000219,Nuneaton and Bedworth,Bus,5.444195349,1.268187613,0.797837268,0.09231175,0.252758363,0.085718054,0.353861708,0.391225988,0.145061321,0.057145369,0.114290738,0.487933536,0.213196184,0.120884434,0.136269726,0.215394083,0.032968482,0.026374786,0.030770584
E07000236,Redditch,Bus,8.180960396,1.535205162,1.050671971,0.181062403,0.306020962,0.11985821,0.367225155,0.387626552,0.142809782,0.058654018,0.183612577,1.882028919,0.214214674,0.086705939,0.096906638,0.385076378,0.033152271,0.028051922,0.03825262
E07000220,Rugby,Bus,3.591206578,0.566370196,0.314650109,0.062930022,0.182497063,0.050344017,0.234938748,0.165715724,0.069223024,0.065027689,0.079711361,0.199278402,0.115371707,0.077613694,0.092297365,0.077613694,0.077613694,0.016781339,0.027269676
E08000028,Sandwell,Bus,12.04759977,1.59248057,1.687743615,0.223074297,0.609683489,0.197670819,0.587455445,0.754165774,0.296903157,0.083355164,0.46758278,1.411480785,0.572372129,0.238157613,0.298490874,0.59618789,0.084149023,0.149245437,0.263561092
E08000029,Solihull,Bus,11.72660152,2.449799996,1.109474815,0.256721527,0.415928675,0.321399431,0.971163605,0.721407391,0.301498537,0.212939561,0.206969293,0.554239885,0.32537961,0.16816255,0.212939561,0.217914784,0.411948496,0.087563932,0.15323688
E07000196,South Staffordshire,Bus,3.557914795,0.560773105,0.628828093,0.046277392,0.149720975,0.048999592,0.274942153,0.244997958,0.081665986,0.019055397,0.070777188,0.29127535,0.17694297,0.048999592,0.081665987,0.114332381,0.035388594,0.021777596,0.057166191
E07000197,Stafford,Bus,4.317334438,0.798958395,0.615493875,0.084334497,0.238207966,0.059182103,0.334378884,0.211576019,0.208616914,0.041427472,0.102089128,0.156832574,0.087293602,0.075457182,0.103568681,0.094691365,0.054743446,0.010356868,0.028111498
E07000198,Staffordshire Moorlands,Bus,3.408347321,0.477965234,0.32148852,0.056900623,0.142251558,0.042675467,0.34424877,0.128026402,0.036985405,0.019915218,0.091040997,0.184927025,0.076815841,0.867734502,0.065435716,0.059745654,0.159321745,0.008535093,0.014225155
E07000221,Stratford-on-Avon,Bus,3.177257525,0.50948645,0.212546495,0.079704935,0.071890726,0.176601131,0.215672178,0.131278717,0.039071047,0.171912606,0.062513675,0.179726815,0.060950833,0.053136624,0.060950833,0.059387991,0.064076517,0.020316944,0.018754102
E07000199,Tamworth,Bus,5.411354974,1.347088974,0.453410435,0.108424234,0.2299908,0.131423314,0.450124852,0.430411355,0.170850309,0.072282823,0.111709817,0.344986201,0.203706137,0.187278223,0.154422395,0.213562886,0.075568406,0.016427914,0.016427914
E08000030,Walsall,Bus,10.50880552,2.1212868,1.524141722,0.195256962,0.672973024,0.303311786,0.579135941,0.570605297,0.510890789,0.075827946,0.286250498,1.146897689,0.414210157,0.19810051,0.206631154,0.441697788,0.069193001,0.135542454,0.115637618
E07000222,Warwick,Bus,5.029283139,0.696913122,0.577990333,0.140661364,0.205877088,0.07800312,0.295388865,0.239124319,0.124037748,0.11636531,0.037083451,0.180302294,0.113807831,0.056264546,0.093347996,0.113807831,0.124037748,0.028132273,0.393851819
E08000031,Wolverhampton,Bus,12.87417145,1.978372498,1.736837738,0.239690983,0.87948153,0.294082398,0.772542476,0.617665225,0.73566694,0.152111585,0.305145059,0.899763075,0.552211149,0.340176818,0.242456648,0.429599993,0.093110728,0.130908152,0.101407723
E07000237,Worcester,Bus,6.139694885,1.063790009,0.856266826,0.16826204,0.301002094,0.095348489,0.357089441,0.256132217,0.321567454,0.087870176,0.067304816,0.205653605,0.151435836,0.097218068,0.140218367,0.102826802,0.059826503,0.106565959,0.029913251
E07000238,Wychavon,Bus,2.380646935,0.337212499,0.183267662,0.038486209,0.076972418,0.012828736,0.186933016,0.144781453,0.032988179,0.01099606,0.027490149,0.328049116,0.056812975,0.032988179,0.045816916,0.095299184,0.025657473,0.014661413,0.049482268
E07000239,Wyre Forest,Bus,3.043409043,0.658034388,0.302483549,0.061027383,0.127361494,0.026533645,0.14858841,0.07694757,0.053067289,0.021226916,0.034493738,0.185735513,0.092867756,0.122054765,0.087561027,0.07694757,0.029187009,0.007960093,0.018573551
E06000055,Bedford UA,Bus,5.493376733,0.824406707,0.75237117,0.174752878,0.320157945,0.097381375,0.246788416,0.282806184,0.270800261,0.066699572,0.086709443,0.224110561,0.181422835,0.081373478,0.105385323,0.156076998,0.030681803,0.0466897,0.065365579
E06000056,Central Bedfordshire UA,Bus,4.051783473,0.543544273,0.331997247,0.048584963,0.203449532,0.030365602,0.220656707,0.132596461,0.080974938,0.035426535,0.076926191,0.210534839,0.140693955,0.076926191,0.120450221,0.119438034,0.036438722,0.042511843,0.01214624
E06000032,Luton UA,Bus,9.903280067,1.237218361,1.010358107,0.265592493,0.464786862,0.142755965,0.453720508,0.808950467,0.367402948,0.251206233,0.178168297,0.380682573,0.468106768,0.131689611,0.131689611,0.200301005,0.085210925,0.085210925,0.03098579
E06000031,Peterborough UA,Bus,8.445726437,1.767114926,0.933272953,0.217566796,0.312075449,0.375081218,0.499123826,0.77575853,0.454822895,0.206737679,0.093524188,0.488294709,0.220520191,0.138809585,0.158498887,0.233318238,0.081710607,0.062021304,0.059067908
E06000033,Southend-on-Sea UA,Bus,12.36400694,1.163687443,1.311041948,0.191423142,0.465474977,0.614206627,0.479246426,0.554989396,0.444817804,0.088137274,0.101908723,0.320874762,0.141845925,0.198308866,0.168011678,0.133583056,0.033051478,0.079874404,0.019280029
E06000034,Thurrock UA,Bus,10.77901924,2.158597145,0.380198634,0.063625078,0.195530726,0.048106766,0.44072005,0.285536934,0.102420857,0.035692117,0.085350714,0.141216636,0.180012415,0.060521415,0.085350714,0.184667908,0.01396648,0.023277467,0.024829298
E07000200,Babergh,Bus,2.862605997,0.615197029,0.224463781,0.036025051,0.138557889,0.044338525,0.224463781,0.166269467,0.058194314,0.02494042,0.047109682,0.199523361,0.044338525,0.041567367,0.077592418,0.04988084,0.07482126,0.008313473,0.016626947
E07000066,Basildon,Bus,8.993254759,1.130608032,0.696128088,0.100818551,0.183633789,0.163230034,0.280851677,0.22804196,0.196836218,0.08521568,0.118821863,0.232842843,0.136825176,0.0576106,0.109220097,0.159629372,0.016803092,0.051609496,0.015602871
E07000067,Braintree,Bus,4.742115156,0.577675846,0.400062079,0.067251815,0.101739925,0.058629787,0.156920902,0.16899174,0.062078598,0.032763705,0.05000776,0.425928161,0.079322654,0.060354193,0.093117898,0.091393492,0.022417272,0.025866083,0.037936922
E07000143,Breckland,Bus,1.892236726,0.288546472,0.147217588,0.037295122,0.096182157,0.058887035,0.113848268,0.096182157,0.045146727,0.005888704,0.058887035,0.172735303,0.041220925,0.037295122,0.039258023,0.052998332,0.031406419,0.017666111,0.021591913
E07000068,Brentwood,Bus,10.11878703,0.715057059,0.37066223,0.131337011,0.198464816,0.23932522,0.192627616,0.469894639,0.040860403,0.096313808,0.055453405,0.145930012,0.072965006,0.061290605,0.140092811,0.049616204,0.072965006,0.011674401,0.023348801
E07000144,Broadland,Bus,3.651520242,0.405257853,0.480849992,0.075592138,0.132286242,0.663530993,0.161683185,0.115487989,0.119687552,0.092390391,0.107088863,0.32336637,0.062993449,0.046195196,0.054594323,0.146984714,0.035696288,0.069292794,0.081891484
E07000095,Broxbourne,Bus,8.767620948,1.025916545,0.324916213,0.089543838,0.189321258,0.081868652,0.230255584,0.360733748,0.084427047,0.051167907,0.148386932,0.202113235,0.150945327,0.079310257,0.053726302,0.212346816,0.03325914,0.023025558,0.03325914
E07000008,Cambridge,Bus,12.01579442,1.79798769,1.418963861,0.598625379,1.583665023,0.149920289,0.506772807,0.312509898,0.303007908,0.25444218,0.090796795,0.105577668,0.068625484,0.128804755,0.186872473,0.080239028,0.097131455,0.058067718,0.029561747
E07000069,Castle Point,Bus,8.197617653,0.902167545,0.902167545,0.074204257,0.40617067,0.144503027,0.359304823,0.187463386,0.109353642,0.035149385,0.14059754,0.36321031,0.203085335,0.089826206,0.171841437,0.164030463,0.015621949,0.039054872,0.007810974
E07000070,Chelmsford,Bus,8.705910678,0.91007584,0.958228,0.190201035,0.266040689,0.302154809,0.33224991,0.219092332,0.439388468,0.058986397,0.093896714,0.12278801,0.139641266,0.090285302,0.173347779,0.105934754,0.038521729,0.040929337,0.022872276
E07000071,Colchester,Bus,8.609979452,1.564263062,1.147363795,0.23754944,0.622379533,0.24586367,0.49647833,0.330193722,0.232798451,0.123525709,0.084330051,0.144905158,0.108084995,0.171035597,0.231610704,0.123525709,0.045134394,0.073640326,0.014252966
E07000096,Dacorum,Bus,5.664762419,0.86665767,0.392844826,0.167933666,0.176930113,0.107957357,0.212915898,0.217414121,0.077969202,0.09296328,0.091463872,0.118453211,0.163435443,0.100460318,0.083966833,0.104958541,0.070472163,0.01349467,0.010495854
E07000009,East Cambridgeshire,Bus,2.382772681,0.344036697,0.165647299,0.035040775,0.066896024,0.01911315,0.111493374,0.05733945,0.01911315,0.015927625,0.03185525,0.105122324,0.022298675,0.035040775,0.04459735,0.022298675,0.028669725,0.003185525,0.041411825
E07000242,East Hertfordshire,Bus,5.837684721,0.476092966,0.342991707,0.098972731,0.138220539,0.04266066,0.218422579,0.15187195,0.087027746,0.035834954,0.064844203,0.150165523,0.095559879,0.037541381,0.078495615,0.069963482,0.032422102,0.01877069,0.022183543
E07000072,Epping Forest,Bus,11.2616075,0.722936618,0.722936618,0.12256684,0.282526954,0.043625486,0.292913975,0.388474562,0.076863951,0.04570289,0.170347134,0.11217982,0.105947608,0.093483183,0.120489436,0.093483183,0.027006253,0.022851445,0.039470677
E07000010,Fenland,Bus,2.033377594,0.281184097,0.182248952,0.03644979,0.091124476,0.015621339,0.096331589,0.288994767,0.028639121,0.007810669,0.059881799,0.247337864,0.052071129,0.013017782,0.041656903,0.078106694,0.015621339,0.005207113,0.07289958
E07000145,Great Yarmouth,Bus,4.990555721,1.322199026,0.872353117,0.096928124,0.251018988,0.10686947,0.37777115,0.198826921,0.119296153,0.024853365,0.054677403,0.196341585,0.169002883,0.191370912,0.154090864,0.086986778,0.298240382,0.042250721,0.039765385
E07000073,Harlow,Bus,8.188523565,1.372671584,0.925115639,0.165020628,0.310038755,0.080010001,0.370046256,0.442555319,0.162520315,0.095011876,0.13751719,0.285035629,0.195024378,0.097512189,0.082510314,0.190023753,0.040005001,0.03000375,0.025003127
E07000098,Hertsmere,Bus,11.48031093,1.082685573,0.879815495,0.251985991,0.32245665,0.224224823,0.478346289,0.456991544,0.059793286,0.147347741,0.17083796,0.19432818,0.205005552,0.149483215,0.234902195,0.335269497,0.136670368,0.064064235,0.04698044
E07000011,Huntingdonshire,Bus,2.785987818,0.391940168,0.218458454,0.059112288,0.074532884,0.014135547,0.14264052,0.268575394,0.107944177,0.04883189,0.05011694,0.133645172,0.039836542,0.023130895,0.060397337,0.057827238,0.028271094,0.006425249,0.034696343
E07000202,Ipswich,Bus,9.309117205,2.020637481,1.076375369,0.297602492,0.30177449,0.725927574,0.55626634,0.435278411,0.61328364,0.107081271,0.102909273,0.212771875,0.24475719,0.212771875,0.18773989,0.200255883,0.04032931,0.068142627,0.090393281
E07000146,King's Lynn and West Norfolk,Bus,2.982554868,0.765960108,0.38141687,0.048458701,0.14068655,0.053148252,0.200087538,0.106296505,0.104733321,0.021884575,0.070343275,0.075032827,0.042205965,0.060964172,0.071906459,0.029700494,0.054711436,0.014068655,0.034390046
E07000074,Maldon,Bus,3.480278422,0.270688322,0.214832001,0.06015296,0.05155968,0.04726304,0.158975681,0.146085761,0.07304288,0.00859328,0.07304288,0.158975681,0.03007648,0.0429664,0.06874624,0.085932801,0.00429664,0.01718656,0.03007648
E07000203,Mid Suffolk,Bus,2.50725534,0.223607213,0.190304011,0.021409201,0.059470003,0.011894001,0.088015605,0.092773205,0.038060802,0.011894001,0.054712403,0.554260431,0.068985204,0.023788001,0.026166801,0.040439602,0.011894001,0.0071364,0.057091203
E07000099,North Hertfordshire,Bus,5.462113329,0.5240753,0.361366001,0.083246618,0.14757355,0.291363163,0.149465519,0.085138587,0.02648756,0.037839372,0.075678744,0.122977959,0.037839372,0.041623309,0.064326932,0.077570712,0.028379529,0.030271497,0.013243781
E07000147,North Norfolk,Bus,2.392296755,0.444034226,0.236984559,0.042407763,0.107266695,0.05238606,0.209544241,0.059869783,0.054880635,0.014967446,0.044902337,0.06984808,0.042407763,0.077331803,0.064858932,0.042407763,0.122234141,0.009978297,0.027440318
E07000148,Norwich,Bus,10.99669776,2.640680084,0.716230086,0.496452318,0.770895622,1.307510375,0.764201883,0.363693159,0.624748985,0.333571333,0.109331072,0.174037217,0.186309072,0.239858985,0.282252666,0.17849971,0.092596725,0.109331072,0.015618724
E07000075,Rochford,Bus,7.564809297,0.636918951,0.476758045,0.085667461,0.242103695,0.204856973,0.305423123,0.145262217,0.305423123,0.055870083,0.115464839,0.335220501,0.104290822,0.111740167,0.160160906,0.10056615,0.022348033,0.037246722,0.014898689
E07000012,South Cambridgeshire,Bus,3.73806822,0.256324678,0.280355116,0.679527401,0.229624191,0.038715707,0.114812095,0.093451705,0.056071023,0.157532875,0.05206595,0.158867899,0.033375609,0.04272078,0.050730926,0.046725853,0.013350244,0.024030439,0.013350243
E07000149,South Norfolk,Bus,4.025756083,0.32833534,1.796723943,0.162343585,0.138630477,0.147750903,0.211593886,0.120389625,0.089380176,0.03830579,0.056546642,0.093028346,0.040129875,0.036481704,0.056546641,0.049250301,0.051074386,0.012768597,0.04560213
E07000240,St Albans,Bus,8.629310623,1.125842769,0.603245266,0.185489855,0.267750573,0.101616181,0.354850156,0.396786993,0.098390271,0.077421852,0.096777315,0.083873673,0.108068002,0.088712539,0.127423465,0.1225846,0.051614568,0.020968418,0.024194328
E07000243,Stevenage,Bus,10.00798687,1.641744687,1.01832542,0.135333008,0.224075964,0.108710121,0.656697875,0.505834849,0.268447442,0.199671651,0.110928695,0.248480277,0.164174469,0.177485912,0.14198873,0.13089586,0.064338643,0.022185739,0.013311443
E07000076,Tendring,Bus,3.880957169,0.4423889,0.585383292,0.055857184,0.172040128,0.035748598,0.201085864,0.087137208,0.069262909,0.024577161,0.026811448,0.105011507,0.060325759,0.082668633,0.067028621,0.053622897,0.046920035,0.006702862,0.022342874
E07000102,Three Rivers,Bus,9.703919699,0.378511748,0.414961027,0.058879605,0.109347838,0.157012281,0.255144956,0.257948747,0.081309931,0.168227444,0.131778164,0.053272024,0.084113722,0.07570235,0.033645489,0.061683396,0.204676723,0.053272024,0.016822744
E07000077,Uttlesford,Bus,5.923447801,0.514119847,0.150054118,0.115615468,0.110695661,0.054117879,0.452622257,0.282888911,0.078716914,0.029518843,0.076257011,0.105775854,0.718291843,0.044278264,0.036898554,0.039358457,0.098396143,0.007379711,0.012299518
E07000103,Watford,Bus,14.26804044,1.985269954,1.206239972,0.21070538,0.218437687,0.152713073,0.400146914,0.438808451,0.220370764,0.137248458,0.170110765,0.168177688,0.282229224,0.12371692,0.152713074,0.177843073,0.071523845,0.038661538,0.032862307
E07000241,Welwyn Hatfield,Bus,8.722569394,0.914111321,0.491207673,0.149687545,0.373492225,0.046504868,0.21363174,0.453422468,0.08138352,0.139514605,0.110449063,0.164220317,0.154047377,0.056677808,0.079930242,0.139514605,0.039238483,0.023252434,0.072663857
E09000002,Barking and Dagenham,Bus,26.55241146,1.693384896,1.526431455,0.257244587,1.090308182,0.212950817,0.683146221,0.947205233,0.495749502,0.093698359,0.350942946,0.630334418,0.574115402,0.415679995,0.330499668,0.626927205,0.056219016,0.093698359,0.156731802
E09000003,Barnet,Bus,27.90711923,2.917840951,2.459104276,0.579739003,1.350171548,0.228985418,1.097445166,1.05302659,0.37066536,0.225156231,0.690019605,0.27799902,0.435761549,0.341563534,0.798002696,0.381387085,0.136319079,0.183035167,0.049013601
E09000004,Bexley,Bus,18.16175102,2.546474828,1.533203904,0.216749555,0.803170128,0.166218984,0.965399856,0.844392436,0.58376107,0.122337172,0.349724741,0.597058589,0.438818117,0.243344592,0.2845669,0.348394989,0.074466105,0.102390894,0.27791814
E09000005,Brent,Bus,36.70515994,2.151771007,2.261300032,0.450190167,1.219480643,0.210433718,1.154798147,1.502358755,0.464851532,0.203534252,1.106501884,1.049581289,0.900380333,0.296677045,0.455364766,0.658036584,0.188010453,0.163862321,0.109529026
E09000006,Bromley,Bus,22.67661966,3.272730512,2.071066532,0.47122331,0.75805489,0.7242052,0.951354433,0.840897551,0.507745343,0.168357667,0.304647206,0.228930795,0.325135176,0.342950802,0.375909711,0.209333607,0.056119222,0.15054204,0.060573129
E09000007,Camden,Bus,71.15577669,1.08565108,1.750402465,1.506550776,1.324757152,0.218663415,1.010816356,0.719873548,0.474926717,0.774265616,0.23509055,0.161716015,0.270135104,0.473466527,0.436596735,0.162081062,0.36760277,0.153319924,0.038329981
E09000001,City of London,Bus,84.41417122,0.448690155,0.204763836,1.188581339,0.145180917,1.821894625,0.64226471,0.562261354,0.150216093,0.303229506,0.09986433,0.055946403,0.083919605,0.102381918,0.107137362,0.057065331,0.089793977,0.076087109,0.019860973
E09000008,Croydon,Bus,32.40723168,2.893826997,2.643804306,0.707159891,1.154395201,0.731914613,1.075180091,1.063627887,1.519939929,0.284679303,0.500870541,0.315210126,0.514073059,0.28880509,0.385348505,0.382873033,0.121298138,0.182359785,0.052810074
E09000009,Ealing,Bus,33.68751781,2.134105191,2.22783785,0.618635552,1.19902818,0.231707134,1.136039833,1.323505152,0.53465109,0.317941181,0.813599484,0.894584502,0.872838525,0.285697146,0.462664407,0.610387078,0.128226278,0.184465874,0.090733215
E09000010,Enfield,Bus,24.86528244,2.626521461,2.708482496,0.283566341,1.336812752,0.28168218,1.102234616,1.090929645,0.507781588,0.176169122,0.52097072,0.433357199,0.601989675,0.285450503,0.382484832,0.601989675,0.110223462,0.164864152,0.101744734
E09000011,Greenwich,Bus,32.93154161,2.568775593,3.197416229,0.382951727,1.925139858,0.203010554,1.58025261,1.39569756,1.116558048,0.216852183,0.544437395,0.401407232,0.670165523,0.708230002,0.454466809,0.4660015,0.091124056,0.173020359,0.129188535
E09000012,Hackney,Bus,50.39453324,1.483944756,2.809307332,1.328245889,1.836669966,0.356569627,1.353234596,1.345545763,0.834238373,0.832316165,0.558401492,0.391169375,0.657395216,0.64682307,0.4670966,0.24988707,0.162426596,0.275836881,0.054782934
E09000013,Hammersmith and Fulham,Bus,55.66700501,1.986109224,2.042855202,0.801636842,0.930314341,0.204605216,1.051798688,0.746489342,0.460361736,1.172483795,0.275737498,0.193415868,0.341275106,0.481941192,0.407611953,0.276536737,0.192616629,0.246964889,0.059143695
E09000014,Haringey,Bus,39.18917261,2.784151564,2.478618845,0.623335828,2.063879652,0.247861884,1.550977337,1.689632747,0.796348332,0.30430568,0.87487883,0.576708345,1.029485748,0.699412248,0.690822975,0.476091144,0.128839098,0.274856743,0.089573849
E09000015,Harrow,Bus,26.1302754,2.269278799,1.797967048,0.691525788,0.848629705,0.264525398,0.887569992,0.876827844,0.377317954,0.201415278,0.585447075,0.377317954,0.370604112,0.3625475,0.306151223,0.330321056,0.092651028,0.08190888,0.065795658
E09000016,Havering,Bus,21.1226621,3.275995588,2.307981133,0.295684416,0.650036374,0.630089409,0.85067937,0.586675428,0.46699364,0.105601577,0.30155117,0.352005257,0.390725835,0.321498134,0.287470959,0.282777556,0.065707648,0.095041419,0.051627439
E09000017,Hillingdon,Bus,20.87203162,2.089255001,1.016867324,0.281222655,0.619172626,0.188889895,1.244380073,1.415165505,0.413385233,0.292688814,0.316828098,0.407350412,1.993301349,0.136990435,0.223288374,0.345795239,0.540719954,0.042243746,0.053106424
E09000018,Hounslow,Bus,28.07544663,1.848318903,1.316917563,0.455707544,0.61327422,0.28346554,1.228865597,1.348585376,0.45647993,0.65961736,0.403957704,0.383103291,1.372529331,0.291189397,0.331353451,0.388509991,0.196958345,0.116630236,0.07492141
E09000019,Islington,Bus,64.58715487,1.381709031,2.181551802,1.482954952,1.344188484,0.490149368,1.098220454,0.91359554,0.636062606,0.846296782,0.338876051,0.231674488,0.483598161,0.478238083,0.452628821,0.201300712,0.129833004,0.275746242,0.065512066
E09000020,Kensington and Chelsea,Bus,60.15892192,2.873866363,2.178795665,0.820983138,1.075360297,0.329244015,1.651324633,0.823535417,0.352214528,0.539381668,0.25182488,0.154838271,0.239914243,0.601487128,0.863521124,0.225451328,0.614248524,0.346259209,0.036582669
E09000021,Kingston upon Thames,Bus,26.19664624,4.545267574,1.915456652,0.49497484,1.290225275,0.500459326,1.081814816,1.03793893,0.814446135,0.315357931,0.287935502,0.257770831,0.224863916,0.530623997,0.396254096,0.32358466,0.090494015,0.11380308,0.050731493
E09000022,Lambeth,Bus,56.69045914,1.576522827,4.911808735,0.753548984,1.562059315,0.252388287,1.495527159,1.709587139,1.214211847,0.519963263,0.611806565,0.174285322,0.621207848,0.606744336,0.555398868,0.258896868,0.258173692,0.222738087,0.111369044
E09000023,Lewisham,Bus,36.42142704,2.498644098,4.326274233,0.385959159,2.135388419,0.280009586,1.500952285,1.4769875,1.109947908,0.171537404,0.672275267,0.214421755,0.681104398,0.48560221,0.500737863,0.300190457,0.094597833,0.259828715,0.108472182
E09000024,Merton,Bus,33.92925519,2.20235816,1.641205751,0.433077624,0.941415689,0.250868136,0.922930668,1.03516115,0.456844079,0.227101681,0.501736272,0.390826148,0.623209264,0.364418976,0.533424878,0.374981845,0.092425103,0.145239447,0.059416136
E09000025,Newham,Bus,45.08058327,2.598810437,2.141212586,0.31657713,1.682655411,0.248465081,1.061013047,1.326745971,0.738679969,0.136224098,0.732924021,0.334804298,0.572716807,0.278204144,0.288756716,0.276285495,0.159247889,0.286838066,0.116078282
E09000026,Redbridge,Bus,27.12654099,2.209965623,2.204928664,0.394142017,1.182426051,0.270736529,0.807172629,0.817246547,0.600657323,0.166219637,0.49739967,0.270736529,0.347550149,0.277032728,0.30599524,0.313550678,0.095702215,0.133479405,0.041554909
E09000027,Richmond upon Thames,Bus,28.06061143,2.098379732,1.41915736,0.719697449,0.885392292,0.337713917,1.162393595,0.796853063,0.413604685,0.394631993,0.22893715,0.236526227,0.376924147,0.579299528,0.404750762,0.204905073,0.192256612,0.18972692,0.054388385
E09000028,Southwark,Bus,63.51530352,1.398977232,2.085165521,1.09225541,1.409834642,0.438639349,1.223087196,1.535780593,0.850678045,0.576528452,0.469040096,0.203576431,0.680216714,0.510841124,0.446782407,0.242120235,0.179147259,0.222576898,0.062430105
E09000029,Sutton,Bus,21.28308733,2.443583189,2.418845002,0.372447156,0.678925813,0.247381875,0.75863775,0.907066876,0.573101344,0.170418625,0.292735219,0.250130563,0.438415657,0.211648938,0.244633188,0.2858635,0.05497375,0.097578406,0.061845469
E09000030,Tower Hamlets,Bus,68.14079576,0.655624862,0.863827184,0.637354046,0.682818635,1.273858286,0.621632646,0.579567279,0.320376634,0.363291806,0.172510495,0.138093377,0.212876251,0.175059911,0.160188317,0.121097269,0.087954858,0.135119058,0.033142411
E09000031,Waltham Forest,Bus,34.22903947,2.055224743,2.550187181,0.307781212,1.371824829,0.184668727,0.912037386,1.347956082,0.521343685,0.097987488,0.597974925,0.502499937,0.585412427,0.286424964,0.356774956,0.437174945,0.094218738,0.187181227,0.086681239
E09000032,Wandsworth,Bus,41.92194217,2.278513024,3.492371238,0.714827615,1.523223468,0.296720897,1.356317963,1.039366096,0.60608615,0.271432184,0.496501728,0.227598415,0.865716935,0.403776448,0.614515721,0.314422996,0.10452668,0.215797016,0.057321083
E09000033,Westminster,Bus,77.48234923,1.70501155,0.785146235,1.059218046,0.620909088,0.707918736,1.352339307,0.742242069,1.000181914,0.619879388,0.202164429,0.15170913,0.252448112,0.438995425,0.526005073,0.190666113,0.600143472,0.273556961,0.060237449
E06000036,Bracknell Forest UA,Bus,5.662881333,0.539242037,0.194866281,0.099113022,0.11591184,0.04871657,0.1931864,0.171347937,0.072234915,0.314137885,0.02855799,0.072234915,0.080634323,0.045356807,0.050396452,0.033597635,0.040317162,0.011759172,0.005039645
E06000043,Brighton and Hove UA,Bus,21.23188888,2.951030642,2.660365218,0.70114713,1.501401555,1.18411029,1.14195271,0.829099085,0.729252184,0.405304459,0.295842671,0.26034155,0.427492659,0.504411754,0.466691813,0.23371571,0.250726664,0.20265223,0.162713469
E06000046,Isle of Wight UA,Bus,5.161708994,1.080398485,0.813806651,0.106987512,0.240283429,0.054370703,0.534937561,0.142065385,0.238529536,0.056124597,0.135049811,0.208713344,0.122772555,0.16837379,0.14908096,0.085940789,0.192928301,0.045601235,0.031570085
E06000035,Medway UA,Bus,7.385428966,0.958753419,0.595436334,0.105967483,0.325976162,0.1786309,0.290653668,0.281570741,0.237165319,0.043396207,0.107985911,0.181658542,0.147345262,0.099912198,0.108995125,0.107985911,0.043396207,0.038350137,0.045414635
E06000042,Milton Keynes UA,Bus,7.049534275,1.489903533,0.598591062,0.171619172,0.28303323,0.271961026,0.425587865,0.387527162,0.125254315,0.204143773,0.083733547,0.210371888,0.222828118,0.133558468,0.097573803,0.224904156,0.062281151,0.033908627,0.013840256
E06000044,Portsmouth UA,Bus,10.07297012,1.266513812,1.529461004,0.141027041,0.522254977,0.178330968,0.493139717,0.507697347,0.777013502,0.1210103,0.159224078,0.524074681,0.19379845,0.187429486,0.148305856,0.109182225,0.114641336,0.041853186,0.054591113
E06000038,Reading UA,Bus,19.62326548,2.699260385,1.435657945,0.831229191,0.615601189,0.802180859,0.700511698,0.573145934,0.858043036,0.577614908,0.154179608,0.195517619,0.316179921,0.165352043,0.264786718,0.214510759,0.134069224,0.079324291,0.188814158
E06000039,Slough UA,Bus,10.59916445,0.763470856,0.652687497,0.154829754,0.205549846,0.098770705,0.48584509,0.617984277,0.110783358,0.28830368,0.137478144,0.445802912,0.81018673,0.057393788,0.096101227,0.209554064,0.141482361,0.021355828,0.049385352
E06000045,Southampton UA,Bus,12.04977715,2.205551388,1.391818543,0.4209876,0.744009532,0.656634747,0.631922687,0.507479811,0.500419222,0.103261109,0.184457879,0.233882,0.338025683,0.212700234,0.22152597,0.172101849,0.122677728,0.094435374,0.116499713
E06000037,West Berkshire UA,Bus,5.287224921,0.459559874,0.249214061,0.083452415,0.154329809,0.040011432,0.208059446,0.163475279,0.120034296,0.719062589,0.038868248,0.136038868,0.050300086,0.048013718,0.050300086,0.073163761,0.048013718,0.01829094,0.044584167
E06000040,Windsor and Maidenhead UA,Bus,7.688092069,0.437119967,0.275320337,0.069156293,0.096557843,0.049583757,0.182677001,0.148751272,0.075680472,0.099167515,0.06393695,0.088728829,0.075680472,0.113520708,0.090033665,0.06393695,0.049583757,0.011743521,0.033925729
E06000041,Wokingham UA,Bus,7.266236757,0.472132658,0.308037771,0.286446338,0.225990327,0.128109166,0.285006909,0.253339475,0.084926301,0.380009212,0.087805159,0.156897743,0.063334869,0.044622294,0.060456012,0.090684017,0.027349148,0.014394288,0.079168586
E07000223,Adur,Bus,7.90437891,0.933869526,0.643431635,0.111706881,0.169794459,0.18766756,0.330652368,0.205540661,0.129579982,0.040214477,0.169794459,0.420017873,0.111706881,0.080428954,0.160857909,0.169794459,0.013404826,0.017873101,0.075960678
E07000224,Arun,Bus,4.493725703,0.543839507,0.451185369,0.046327069,0.082583036,0.062440832,0.167180293,0.134952767,0.056398171,0.024170645,0.040284408,0.130924326,0.058412391,0.070497714,0.068483493,0.054383951,0.092654138,0.010071102,0.070497714
E07000105,Ashford,Bus,5.508089438,0.792583167,0.538083985,0.114524632,0.12543174,0.069078349,0.267224141,0.16724232,0.081803308,0.030903472,0.059989093,0.079985457,0.070896201,0.067260498,0.136338847,0.074531903,0.023632067,0.009089256,0.018178513
E07000004,Aylesbury Vale,Bus,4.406198483,0.600065941,0.606660073,0.121332015,0.253214639,0.097593142,0.225519288,0.212331025,0.266402901,0.069897791,0.05275305,0.127926146,0.071216617,0.083086053,0.09099901,0.120013188,0.03165183,0.011869436,0.023738872
E07000084,Basingstoke and Deane,Bus,7.368124648,1.330486202,0.570208372,0.114980289,0.158391215,0.198282335,0.332034916,0.263985358,0.079782241,0.317955697,0.065703022,0.271024967,0.104420875,0.099727802,0.152524874,0.172470434,0.055143608,0.031678243,0.075089168
E07000106,Canterbury,Bus,8.880584794,1.459006387,0.915600947,0.144411857,0.937932677,0.108681088,0.582113773,0.217362176,0.193541664,0.093793268,0.099748396,0.139945511,0.129524036,0.1325016,0.20545192,0.119102562,0.08783814,0.046152243,0.038708332
E07000177,Cherwell,Bus,4.254347104,0.836194484,0.328109425,0.103832097,0.278270019,0.048454978,0.228430612,0.188282202,0.184128918,0.191051058,0.081681249,0.163362499,0.080296821,0.066452542,0.087218961,0.084450105,0.024919703,0.009690996,0.012459852
E07000225,Chichester,Bus,6.284161842,0.730942139,0.399430771,0.088942074,0.179501278,0.066302274,0.287848896,0.145541576,0.148775834,0.069536531,0.045279602,0.179501278,0.095410589,0.061450888,0.079239302,0.072770788,0.051748116,0.014554158,0.042045345
E07000005,Chiltern,Bus,5.420425033,0.329526097,0.474740987,0.142422296,0.134044514,0.022340752,0.195481583,0.106118574,0.030718534,0.050266693,0.044681505,0.111703762,0.02792594,0.047474099,0.064229663,0.041888911,0.016755564,0.01396297,0.008377782
E07000226,Crawley,Bus,15.483231,1.597167288,0.414359438,0.136864178,0.145653621,0.241081855,1.216709986,0.877688628,0.364134052,0.107984581,0.115518389,0.301352319,1.555731344,0.090405696,0.119285293,0.175788852,0.385479841,0.026368328,0.076593715
E07000107,Dartford,Bus,13.68835076,3.344148194,1.15277954,0.126878251,0.164941727,0.143191169,0.995087999,0.567327038,0.087002229,0.085189683,0.257381595,0.239256131,0.315383082,0.126878251,0.119628066,0.203005202,0.067064219,0.054376393,0.068876764
E07000108,Dover,Bus,5.633835139,0.642555535,0.57600514,0.282265467,0.247842849,0.0390123,0.321277768,0.197356343,0.135395631,0.036717459,0.084909124,0.213420231,0.341931338,0.078024601,0.091793648,0.043601983,0.07572976,0.029832936,0.032127777
E07000085,East Hampshire,Bus,3.921850309,0.303733043,0.201120529,0.032836005,0.100560264,0.012313502,0.119030517,0.359143801,0.038992756,0.012313502,0.036940505,0.502801322,0.162127773,0.030783754,0.102612515,0.06772426,0.022574753,0.012313502,0.055410758
E07000061,Eastbourne,Bus,9.842296988,1.653958413,1.314568862,0.190058149,0.391429283,0.149331403,0.493246148,0.230784895,0.158381791,0.072403104,0.097291671,0.110867253,0.133493224,0.108604656,0.205896328,0.156119194,0.183270358,0.033938955,0.029413761
E07000086,Eastleigh,Bus,4.832483217,0.672857785,0.310072712,0.099223268,0.122478721,0.213950171,0.203097626,0.1829429,0.046510907,0.099223268,0.071316724,0.20464799,0.128680176,0.041859816,0.079068541,0.119377994,0.037208725,0.017053999,0.015503636
E07000207,Elmbridge,Bus,8.719662329,0.460780865,0.434400281,0.153007387,0.181146676,0.040450229,0.219838199,0.202251143,0.045726345,0.063313401,0.07562434,0.124868097,0.05979599,0.070348224,0.089693985,0.070348224,0.033415406,0.014069645,0.008793528
E07000208,Epsom and Ewell,Bus,14.03191909,1.293839485,1.073821095,0.288979377,0.233153816,0.223302246,0.453172205,0.147773545,0.108367267,0.049257848,0.09523184,0.049257848,0.098515697,0.151057402,0.157625115,0.121502693,0.013135426,0.045973992,0.01970314
E07000087,Fareham,Bus,4.971643507,0.836078034,0.397575569,0.095496092,0.138371889,0.081853794,0.228021282,0.198787784,0.233867982,0.050671396,0.062364795,0.190992185,0.185145485,0.058466995,0.099393892,0.083802693,0.033131297,0.017540099,0.023386799
E07000088,Gosport,Bus,4.141127224,0.80355808,0.590521752,0.059799671,0.190611452,0.056062192,0.250411123,0.175661534,0.313948273,0.037374794,0.130811781,0.276573479,0.183136493,0.115861863,0.149499177,0.059799671,0.014949918,0.007474959,0.085962027
E07000109,Gravesham,Bus,8.420268256,1.307128664,0.667536016,0.152136115,0.32911078,0.105563835,0.428464978,0.44709389,0.142821659,0.027943368,0.142821659,0.204918033,0.245280676,0.083830104,0.127297566,0.130402385,0.04657228,0.055886736,0.111773473
E07000209,Guildford,Bus,10.30641737,0.964268358,0.48341305,0.158579942,0.460393381,0.098473029,0.346573906,0.150906719,0.158579942,0.135560273,0.047318209,0.069059007,0.089520935,0.085684324,0.111261735,0.074174489,0.042202727,0.023019669,0.014067576
E07000089,Hart,Bus,4.475760433,0.228253858,0.13149407,0.027291222,0.062025505,0.024810202,0.218329777,0.163747333,0.109164889,0.066987545,0.012405101,0.062025505,0.044658364,0.014886121,0.037215303,0.024810202,0.163747333,0.012405101,0.00496204
E07000062,Hastings,Bus,8.867619304,1.232138043,1.434348881,0.126718792,0.361283365,0.153680237,0.38824481,0.22108385,0.603936371,0.032353734,0.097061202,0.296575896,0.115934214,0.134807226,0.145591804,0.115934214,0.124022648,0.051226746,0.032353735
E07000090,Havant,Bus,6.244274484,1.116342487,0.536866998,0.059651889,0.283346471,0.070304012,0.223694582,0.304650717,0.117173353,0.068173587,0.140608023,0.451650014,0.097999531,0.100129956,0.117173352,0.080956135,0.100129956,0.046869341,0.227955431
E07000227,Horsham,Bus,4.561242661,0.509547402,0.375548777,0.045841635,0.08815699,0.112840947,0.188655959,0.104025248,0.044078495,0.042315355,0.054657334,0.121656646,0.054657334,0.051131054,0.084630711,0.054657334,0.029973377,0.024683957,0.015868259
E07000063,Lewes,Bus,9.425014819,0.785417902,0.819996048,0.261805967,0.412467892,0.081505631,0.377889745,0.222288085,0.405058289,0.11361391,0.192649674,0.358130804,0.15560166,0.202529144,0.101264572,0.11361391,0.059276823,0.079035764,0.046927485
E07000110,Maidstone,Bus,6.884053281,1.148205201,0.643357368,0.170871574,0.174755019,0.138509534,0.313264553,0.293847329,0.493197499,0.042717894,0.09579164,0.121681273,0.119092309,0.086730269,0.1268592,0.106147493,0.058251673,0.024595151,0.060840636
E07000228,Mid Sussex,Bus,6.843411258,0.388533368,0.486482957,0.050607287,0.096317095,0.081624657,0.151821862,0.071829698,0.022854904,0.032649863,0.055504767,0.084889643,0.052239781,0.029384877,0.244873971,0.081624657,0.048974794,0.014692438,0.013059945
E07000210,Mole Valley,Bus,8.842069275,0.32906686,0.250005342,0.151712643,0.072651125,0.12607107,0.149575846,0.111113485,0.032051967,0.05769354,0.064103934,0.079061518,0.061967136,0.01923118,0.044872754,0.074787923,0.076924721,0.01923118,0.051283147
E07000091,New Forest,Bus,2.974006918,0.529294623,0.234514202,0.049785138,0.09826014,0.058956084,0.199140551,0.089089194,0.052405408,0.022272299,0.107431087,0.083848653,0.066816896,0.048475003,0.044544597,0.041924327,0.051095273,0.019652028,0.011791217
E07000178,Oxford,Bus,18.93767436,2.632815703,2.305838591,1.066925315,4.09671323,0.312978092,1.355905087,0.654954153,0.825942184,0.814942954,0.198986071,0.184987051,0.205985581,0.483966122,0.356975012,0.179987401,0.266981311,0.08299419,0.06799524
E07000211,Reigate and Banstead,Bus,11.14919296,0.575621759,1.083867944,0.1508627,0.1508627,0.325160383,0.241673258,0.347130679,0.166974251,0.071769634,0.09373993,0.165509564,0.145003955,0.048334652,0.096669303,0.065910888,0.032223101,0.029293728,0.038081847
E07000064,Rother,Bus,5.211826601,0.363043411,0.452265945,0.03384303,0.181521706,0.098452451,0.218441375,0.055379503,0.027689752,0.003076639,0.046149586,0.064609421,0.030766391,0.052302864,0.10152909,0.061532782,0.104605729,0.024613113,0.015383195
E07000212,Runnymede,Bus,9.130443456,0.37702727,0.644337609,0.12767061,0.12168605,0.105727224,0.211454448,0.165572822,0.043886772,0.183526502,0.049871332,0.079794131,0.157593409,0.175547089,0.039897066,0.059845598,0.029922799,0.021943386,0.099742664
E07000092,Rushmoor,Bus,6.627528505,0.63299986,0.287545678,0.129794924,0.125801234,0.093851714,0.275564608,0.407356377,0.167734979,0.151760219,0.057908505,0.173725514,0.067892729,0.081870644,0.081870644,0.061902195,0.081870644,0.01597476,0.005990535
E07000111,Sevenoaks,Bus,6.4109402,0.345614746,0.24961065,0.070403004,0.078936701,0.044801912,0.134405735,0.221876133,0.057602458,0.032001365,0.076803277,0.15147313,0.08320355,0.04906876,0.04906876,0.059735882,0.006400273,0.023467668,0.017067395
E07000112,Shepway,Bus,6.710490891,1.137485417,0.852553172,0.087498878,0.233330342,0.542941757,0.325316342,0.500314099,0.163779952,0.024679171,0.107690927,0.172754195,0.148075025,0.080768195,0.139100781,0.098716683,0.125639415,0.02243561,0.163779952
E07000006,South Bucks,Bus,7.493362766,0.501148465,0.510097545,0.167049488,0.164066462,0.053694478,0.522029651,0.184947648,0.044745399,0.101422904,0.077558691,0.131253169,0.170032515,0.029830266,0.071592638,0.089490797,0.092473824,0.017898159,0.011932107
E07000179,South Oxfordshire,Bus,4.31523013,0.499269557,0.231173043,0.219935464,0.28254483,0.086689891,0.325889775,0.149299257,0.085084523,0.070636207,0.057793261,0.110770416,0.057793261,0.054582524,0.072241576,0.069030839,0.065820102,0.014448315,0.035318105
E07000213,Spelthorne,Bus,12.10036815,1.511335013,0.811373765,0.191338888,0.222825034,0.087192405,0.634566944,0.360879674,0.208292966,0.288219337,0.179228832,0.225247045,0.392365821,0.135632629,0.138054641,0.220403023,0.07750436,0.03875218,0.11867855
E07000214,Surrey Heath,Bus,6.114465323,0.694208896,0.832146168,0.07009927,0.074621803,0.115324605,0.289442145,0.312054813,0.104018271,0.045225335,0.079144337,0.15376614,0.033919001,0.061054203,0.081405604,0.079144337,0.058792936,0.020351401,0.027135201
E07000113,Swale,Bus,4.50561542,0.284565184,0.180224617,0.018971012,0.091060859,0.036044923,0.053118834,0.104340568,0.04553043,0.017073911,0.066398543,0.055015936,0.043633328,0.028456518,0.020868114,0.028456518,0.007588405,0.013279709,0.020868113
E07000215,Tandridge,Bus,8.779334291,0.79322318,0.571719349,0.101772031,0.215517241,0.089798851,0.227490421,0.185584291,0.227490421,0.02993295,0.134698276,0.056872605,0.101772031,0.062859195,0.068845785,0.050886015,0.083812261,0.008979885,0.02394636
E07000093,Test Valley,Bus,3.470390484,0.54995259,0.355141798,0.117231273,0.118955262,0.139643134,0.231014568,0.153435049,0.077579519,0.055167658,0.029307818,0.158607017,0.063787605,0.043099733,0.056891647,0.089647444,0.056891647,0.006895957,0.025859839
E07000114,Thanet,Bus,8.264048465,1.64194694,1.316064341,0.125339461,0.478378943,0.223522039,0.626697305,0.28828076,0.181742219,0.071025695,0.179653227,0.275746814,0.104449551,0.261123877,0.188009192,0.110716524,0.066847713,0.029245874,0.056402757
E07000115,Tonbridge and Malling,Bus,5.52367407,0.410141069,0.287760266,0.04299866,0.128995981,0.095920089,0.122380803,0.13561116,0.069459375,0.038037277,0.056229017,0.099227678,0.077728348,0.028114509,0.092612499,0.06780558,0.023153125,0.023153125,0.033075892
E07000116,Tunbridge Wells,Bus,7.009404841,0.826759572,0.583064065,0.090257595,0.111919418,0.240085203,0.247305811,0.135386393,0.070400924,0.057764861,0.03790819,0.084842139,0.046933949,0.050544253,0.128165785,0.046933949,0.027077279,0.014441215,0.045128798
E07000180,Vale of White Horse,Bus,4.986520761,0.491314266,0.370080875,0.512051556,0.37646158,0.081353986,0.346153233,0.207372904,0.132399624,0.317440061,0.078163633,0.148351385,0.084544338,0.059021519,0.084544338,0.185040438,0.044664933,0.025522819,0.027117995
E07000216,Waverley,Bus,5.368962051,0.451364524,0.309127804,0.064480646,0.202924387,0.04741224,0.159305126,0.125168313,0.026550854,0.053101709,0.039826282,0.072066605,0.036033302,0.039826282,0.083445543,0.062584157,0.015171917,0.013275427,0.00189649
E07000065,Wealden,Bus,3.489861259,0.369975098,0.371753824,0.046246887,0.113838492,0.044468161,0.190323728,0.072927784,0.046246887,0.021344717,0.055140519,0.096051227,0.026680896,0.040910708,0.072927783,0.056919246,0.033795802,0.007114906,0.016008537
E07000181,West Oxfordshire,Bus,2.873575023,0.595666016,0.297833008,0.092430934,0.215672178,0.045188456,0.244428469,0.139673411,0.092430934,0.080106809,0.043134436,0.117079182,0.071890726,0.061620622,0.08216083,0.078052788,0.041080415,0.02875629,0.014378145
E07000094,Winchester,Bus,7.163512093,0.690063091,0.557308097,0.202418507,0.224763407,0.411409043,0.252365931,0.161671924,0.319400631,0.165615142,0.039432177,0.0893796,0.097266036,0.059148265,0.099894848,0.046004206,0.047318612,0.023659306,0.022344901
E07000217,Woking,Bus,11.37032131,0.734220985,0.282910838,0.148191391,0.094303613,0.078586344,0.262702921,0.489480657,0.103284909,0.132474123,0.067359723,0.089812965,0.098794261,0.127983474,0.089812964,0.04939713,0.026943889,0.020207917,0.006735972
E07000229,Worthing,Bus,7.972994695,0.950409902,0.928307346,0.128596689,0.142661951,0.261212024,0.223034882,0.140652628,0.217006912,0.120559396,0.056261051,0.124578042,0.094438193,0.084391577,0.128596689,0.08037293,0.026121202,0.032149172,0.088410223
E07000007,Wycombe,Bus,5.940424071,1.068148094,0.495444122,0.14716162,0.223195124,0.115276603,0.293096894,0.239137633,0.26734361,0.175367597,0.071128116,0.182725678,0.138577192,0.078486197,0.099334094,0.165556823,0.06990177,0.041695792,0.067449077
E06000022,Bath and North East Somerset UA,Bus,10.30991644,1.426897741,0.842212299,0.289579557,0.868738671,0.182368805,0.595738096,0.225474159,0.333790176,0.321632256,0.066315929,0.08068438,0.152526637,0.170210885,0.210000442,0.079579115,0.133737124,0.030947434,0.091737034
E06000023,"Bristol, City of UA",Bus,12.45193443,1.470216211,1.677235471,0.780011468,0.634128242,1.169595575,0.584797787,0.623587547,0.679664047,0.338988768,0.175397173,0.194792053,0.229787162,0.201538098,0.19352717,0.134499275,0.149677876,0.088541842,0.028249064
E06000052,"Cornwall UA and Isles of Scilly UA

",Bus,3.144207049,0.587030146,0.379646277,0.109127399,0.196512941,0.035957687,0.232052515,0.100347033,0.08236819,0.023414308,0.050591629,0.109963624,0.048082954,0.065643684,0.06815236,0.050591629,0.105782498,0.017142618,0.031358447
E06000024,North Somerset UA,Bus,3.629477483,0.755102283,0.528334145,0.072423332,0.148408468,0.090232348,0.279007919,0.15790661,0.074797868,0.049865245,0.046303442,0.078359671,0.178090161,0.087857813,0.079546939,0.053427048,0.0736106,0.029681694,0.023745354
E06000026,Plymouth UA,Bus,11.78320536,2.46610031,1.903283777,0.347982356,1.010455808,0.474595654,0.79235419,0.561182813,1.025159288,0.169906878,0.227087077,0.378206175,0.379839895,0.230354517,0.296520177,0.164188858,0.167456298,0.107008659,0.067799379
E06000025,South Gloucestershire UA,Bus,5.811875985,0.91434577,0.461727098,0.194079524,0.327202662,0.294272202,0.303380627,0.393063584,0.220003503,0.223506744,0.08127518,0.170257488,0.16955684,0.056752496,0.080574532,0.088281661,0.052548607,0.022420739,0.018917498
E06000030,Swindon UA,Bus,9.869579573,1.850832783,1.086836892,0.325592487,0.280651552,0.892398562,0.542959865,0.579646342,0.301746276,0.190769682,0.131154157,0.398965441,0.612664172,0.141242938,0.192604006,0.291657495,0.124734023,0.049526744,0.077958765
E06000027,Torbay UA,Bus,4.827508115,1.043632521,0.919076017,0.098135427,0.267985204,0.064165471,0.401977806,0.194383634,0.156639239,0.045293274,0.090586548,0.135879822,0.14720314,0.132105382,0.133992602,0.07171435,0.324601797,0.047180494,0.039631615
E06000054,Wiltshire UA,Bus,3.806086347,0.618360764,0.468455124,0.103952423,0.128936696,0.12625981,0.23467371,0.157490151,0.167305402,0.056214615,0.049076251,0.135628912,0.074060524,0.062460683,0.090121843,0.057553058,0.113321525,0.026322717,0.020968944
E07000078,Cheltenham,Bus,7.214428858,1.609468938,1.172657816,0.234844689,0.367923347,0.336610721,0.439942385,0.273985471,0.679483968,0.172219439,0.078281563,0.19883517,0.093937876,0.122119238,0.222319639,0.117422345,0.100200401,0.0501002,0.020353207
E07000079,Cotswold,Bus,2.06089313,0.339307267,0.163960558,0.05009906,0.134356569,0.03871291,0.127524879,0.081980279,0.02049507,0.03188122,0.02504953,0.063762439,0.052376289,0.052376289,0.02732676,0.02732676,0.107029809,0.00455446,0.01366338
E07000040,East Devon,Bus,3.671741879,0.663258763,0.423239708,0.056798402,0.104435772,0.093442533,0.265669946,0.106267979,0.157569761,0.034811924,0.054966196,0.111764598,0.106267979,0.078784881,0.056798402,0.080617087,0.0842815,0.014657652,0.014657653
E07000041,Exeter,Bus,10.99658001,1.596393466,1.489967235,0.502236147,0.652906991,0.228397867,0.510606749,0.418530122,0.58355057,0.159041446,0.112405233,0.194915457,0.365914907,0.163824648,0.234376868,0.157845646,0.114796834,0.13632124,0.258292874
E07000080,Forest of Dean,Bus,1.960848075,0.19185744,0.31867846,0.039021852,0.165842872,0.022762747,0.136576483,0.104058273,0.019510926,0.026014568,0.052029136,0.234131113,0.048777315,0.120317378,0.071540062,0.042273673,0.019510926,0.006503642,0.022762747
E07000081,Gloucester,Bus,8.304487479,1.903826364,1.680855708,0.22141142,0.383571896,0.403841956,0.461533664,0.360183366,0.587831727,0.140331182,0.107587239,0.255714598,0.238563009,0.123179593,0.207378301,0.137212711,0.048336296,0.071724826,0.096672591
E07000187,Mendip,Bus,1.940770268,0.450967365,0.209377705,0.072476898,0.096635864,0.022145719,0.185218739,0.064423909,0.036238449,0.016105977,0.026172213,0.112741841,0.04227819,0.050331179,0.040264943,0.032211955,0.034225202,0.01409273,0.002013247
E07000042,Mid Devon,Bus,2.230992531,0.547963078,0.195701099,0.03914022,0.120682344,0.022831795,0.172869304,0.120682344,0.042401905,0.029355165,0.061972015,0.179392674,0.068495385,0.035878535,0.061972015,0.068495385,0.003261685,0,0.04566359
E07000043,North Devon,Bus,3.861324476,0.925887482,0.612414366,0.124558854,0.190990243,0.062279427,0.359144696,0.215902014,0.122482873,0.020759809,0.112102969,0.176458377,0.080963255,0.062279427,0.103799045,0.095495121,0.294789288,0.014531866,0.049823542
E07000188,Sedgemoor,Bus,1.745434445,0.327401833,0.150945001,0.027637817,0.070157536,0.021259859,0.142441057,0.063779578,0.040393733,0.01062993,0.036141761,0.097795353,0.072283521,0.031889789,0.040393733,0.04677169,0.078661479,0.014881901,0.012755916
E07000044,South Hams,Bus,3.59610517,0.510797437,0.337491164,0.072971062,0.155063508,0.061569334,0.269080793,0.161904545,0.191549039,0.401340843,0.057008643,0.298725287,0.070690717,0.054728297,0.098054865,0.072971062,0.070690717,0.01596242,0.022803458
E07000189,South Somerset,Bus,1.668920816,0.413402404,0.200321535,0.037002067,0.063796667,0.010207467,0.100798734,0.090591268,0.057417001,0.021690867,0.0344502,0.077831934,0.0459336,0.038278,0.054865134,0.033174267,0.012759333,0.014035267,0.011483399
E07000082,Stroud,Bus,2.598097503,0.473642489,0.299246928,0.063416568,0.144669045,0.049544193,0.204122077,0.120887832,0.081252477,0.04359889,0.051525961,0.182322632,0.051525961,0.025762981,0.081252477,0.069361871,0.041617122,0.011890606,0.037653586
E07000045,Teignbridge,Bus,3.678916521,0.609852685,0.441549184,0.118802471,0.1009821,0.041580865,0.225724695,0.140582924,0.087121812,0.025740535,0.071281483,0.120782512,0.057421194,0.057421194,0.110882307,0.061381277,0.099002059,0.023760494,0.023760494
E07000083,Tewkesbury,Bus,3.987776271,0.443325371,0.400284073,0.11836357,0.137732154,0.751070652,0.249639529,0.161404868,0.092538791,0.144188349,0.098994986,0.331417996,0.053801623,0.025824779,0.049497493,0.094690856,0.11836357,0.012912389,0.03012891
E07000046,Torridge,Bus,2.627778224,0.637888149,0.461365642,0.100296879,0.104308754,0.036106876,0.192570007,0.072213753,0.084249378,0.016047501,0.080237503,0.228676884,0.116344379,0.036106876,0.116344379,0.032095001,0.028083126,0.016047501,0.032095001
E07000047,West Devon,Bus,1.992123099,0.393845027,0.31599194,0.032057153,0.128228613,0.04121634,0.270196007,0.022897967,0.059534713,0.032057153,0.073273493,0.036636747,0.045795933,0.064114307,0.073273493,0.064114307,0.050375527,0.022897967,0.009159186
W06000019,Blaenau Gwent,Bus,3.279652583,0.900208088,0.515697096,0.058807564,0.221659278,0.018094635,0.171899032,0.176422691,0.122138786,0.004523659,0.063331222,0.194517326,0.099520492,0.054283905,0.14475708,0.067854881,0.018094635,0.013570976,0.054283904
W06000013,Bridgend,Bus,4.268172241,0.795035554,0.58105083,0.0362128,0.138267053,0.044442981,0.289702397,0.162957598,0.174479853,0.04938109,0.075717672,0.141559126,0.059257308,0.06748749,0.064195417,0.077363708,0.069133526,0.027982618,0.027982618
W06000018,Caerphilly,Bus,5.118364297,0.996841354,0.534931902,0.103589987,0.310769962,0.074720647,0.33624291,0.242842102,0.154535883,0.03396393,0.10698638,0.37020684,0.125666542,0.074720647,0.11717556,0.110382773,0.011887376,0.03396393,0.071324255
W06000015,Cardiff,Bus,15.73791089,1.795854876,1.038026055,0.455694435,0.611747344,0.678555937,0.752344533,0.543941607,0.681048795,0.254271512,0.186465776,0.284185808,0.255268655,0.285182951,0.22236293,0.161537196,0.18148006,0.075782882,0.214385785
W06000010,Carmarthenshire,Bus,2.644814313,0.666568313,0.360778423,0.065718003,0.130094822,0.018776572,0.178377436,0.067059186,0.13680074,0.016094205,0.076447473,0.075106289,0.0576709,0.026823675,0.072423921,0.049623798,0.032188409,0.020117756,0.02145894
W06000008,Ceredigion,Bus,3.100633528,0.56042885,0.490375244,0.094420078,0.493421053,0.024366472,0.268031189,0.067007797,0.11878655,0.033503899,0.042641326,0.054824561,0.070053606,0.134015595,0.103557505,0.036549708,0.073099415,0.015229045,0.045687135
W06000003,Conwy,Bus,5.290808397,1.19519296,0.901867215,0.109449905,0.225466804,0.054724952,0.558194514,0.153229867,0.181686842,0.04596896,0.083181928,0.070047939,0.065669943,0.124772891,0.144473874,0.078803931,0.291136747,0.052535954,0.03502397
W06000004,Denbighshire,Bus,4.028021016,0.645347024,1.125158938,0.091164264,0.203920063,0.035985894,0.268694672,0.1127558,0.129549217,0.031187774,0.081568025,0.086366144,0.074370847,0.081568025,0.117553919,0.059976489,0.146342634,0.028788715,0.038384953
W06000005,Flintshire,Bus,3.623228444,0.826035307,0.306655248,0.080117137,0.127082355,0.077354477,0.277647319,0.204436832,0.082879797,0.040058568,0.074591817,0.49589745,0.098074426,0.041439898,0.074591817,0.136751665,0.058015858,0.017957289,0.046965219
W06000002,Gwynedd,Bus,5.017274274,1.046769453,0.787225631,0.113442995,0.405644648,0.041251998,0.43830248,0.218291824,0.213135324,0.07390983,0.125474828,0.192509325,0.08422283,0.096254662,0.127193661,0.096254662,0.240636656,0.022344832,0.072190997
W06000001,Isle of Anglesey,Bus,2.876823339,0.478119935,0.40923825,0.064829822,0.109400324,0.008103728,0.243111831,0.121555916,0.072933549,0.012155592,0.089141005,0.182333874,0.072933549,0.068881686,0.10534846,0.085089141,0.170178282,0.012155592,0.040518639
W06000024,Merthyr Tydfil,Bus,7.888305757,1.730699892,1.342093666,0.088137494,0.420656224,0.076118745,0.444693722,0.392612475,0.48074997,0.16425624,0.148231241,0.661031209,0.184287488,0.16024999,0.212331237,0.15223749,0.096149994,0.052081247,0.028043748
W06000021,Monmouthshire,Bus,2.000676432,0.36163072,0.291385904,0.036423238,0.101464735,0.020813279,0.132684653,0.101464735,0.059838177,0.018211619,0.054634857,0.049431537,0.065041496,0.023414939,0.052033197,0.023414939,0.057236517,0.00260166,0.01821162
W06000012,Neath Port Talbot,Bus,3.721398039,0.839442177,0.502891627,0.058025957,0.139262297,0.05415756,0.257248409,0.154735885,0.146999091,0.034815574,0.073499545,0.208893445,0.096709928,0.088973134,0.119920311,0.065762751,0.071565347,0.021276184,0.023210383
W06000022,Newport,Bus,8.251412123,1.466434934,1.306213339,0.241690202,0.350315012,0.397838366,0.608298935,0.358461873,0.642244189,0.148001303,0.141212253,0.429067999,0.226754291,0.133065392,0.180588746,0.186019987,0.226754291,0.096404519,0.097762328
W06000009,Pembrokeshire,Bus,3.25625736,0.454231078,0.325251883,0.039254538,0.138325514,0.018692637,0.233657962,0.166364469,0.192534161,0.022431164,0.61685702,0.175710788,0.127109931,0.063554966,0.061685702,0.052339384,0.114025086,0.028038955,0.117763612
W06000023,Powys,Bus,1.436753396,0.184912453,0.157093765,0.027818688,0.08672885,0.014727541,0.098183603,0.040909835,0.060546555,0.00490918,0.040909835,0.104729177,0.062182949,0.024545901,0.026182294,0.027818688,0.039273441,0.001636393,0.034364261
W06000016,Rhondda Cynon Taf,Bus,6.149460148,0.833434429,0.855271139,0.08734684,0.297221885,0.058231226,0.346961058,0.231711755,0.126167657,0.040033968,0.178333131,0.240203809,0.127380808,0.097052044,0.114036152,0.078854786,0.029115613,0.037607667,0.033968217
W06000011,Swansea,Bus,6.651489657,1.384827189,0.748652515,0.184463661,0.399521294,0.193461888,0.537194173,0.370726967,0.65147166,0.162867915,0.096281033,0.135873233,0.175465433,0.153869688,0.152070042,0.098980501,0.072885642,0.070186173,0.027894505
W06000014,The Vale of Glamorgan,Bus,4.753175331,0.70053686,0.659072061,0.061106019,0.226965213,0.058923661,0.388459692,0.192047488,0.12002968,0.043647156,0.063288377,0.067653092,0.091659028,0.093841386,0.091659029,0.05019423,0.072017808,0.015276505,0.030553009
W06000020,Torfaen,Bus,5.110461838,1.258393562,0.535650213,0.084576349,0.266543647,0.169152699,0.328053719,0.199907735,0.376749193,0.071761751,0.120457225,0.379312112,0.253729048,0.151212261,0.153775181,0.097390948,0.025629197,0.038443795,0.033317955
W06000006,Wrexham,Bus,5.918213912,1.37290795,0.931616109,0.130753138,0.276216004,0.10460251,0.398797071,0.233721234,0.300732218,0.063742155,0.088258368,0.59165795,0.137290795,0.119312238,0.168344665,0.150366109,0.057204498,0.029419456,0.094796025
E06000058,"Bournemouth, Christchurch and Poole",Bus,8.056731351,1.627727997,1.038975317,0.162717827,0.336979825,0.997746138,0.600846572,0.29904898,0.234731461,0.166016162,0.101698642,0.234731461,0.208894508,0.159419493,0.195701171,0.101698642,0.251772855,0.055521961,0.012093893
E06000059,Dorset,Bus,3.212251963,0.622130798,0.394476081,0.07149487,0.179364323,0.030103103,0.240197677,0.099716529,0.125429596,0.021950179,0.085919274,0.1241753,0.075257758,0.06522339,0.087800718,0.045154655,0.12103956,0.018814439,0.020695884
E07000246,Somerset West and Taunton,Bus,3.15797847,0.80739248,0.420268335,0.100758339,0.124622156,0.06098531,0.200190911,0.104735642,0.238638172,0.03314419,0.045076099,0.058333775,0.051704937,0.05568224,0.063636846,0.035795726,0.057008008,0.011931909,0.068939916
E07000245,West Suffolk,Bus,2.5955362,0.505171475,0.213391399,0.047904192,0.088187262,0.031573217,0.165487207,0.167664671,0.067501361,0.020685901,0.045726728,0.108873163,0.048992923,0.068590093,0.075122482,0.071856287,0.262384322,0.019597169,0.01306478
E07000244,East Suffolk,Bus,2.984657742,0.440915348,0.258364424,0.050874848,0.096761966,0.04289448,0.15860982,0.11072761,0.090776689,0.191528839,0.035911657,0.373082218,0.068830677,0.041896934,0.051872394,0.04788221,0.072820861,0.014963191,0.097759512
