AREACD,AREANM,Method,mapvar,Retail (47),Health (Q),Professional (M),Education (P),Finance (K),Food and Drink (56),Admin and support (N),Public admin (O),Information and communication (J),Construction (F),Manufacturing (C) ,Transport (H),Arts (R),"Other Services (S,T,U)","Wholesale (45,46,48)",Accommodation (55),Real estate (L)
E30000004,Barnsley,0.244960047,0.558120049,1.64605982,0.108815289,0.674036101,1.409030702,1.025292739,1.52579326,0.723825898,0.768340681,0.482424017,0.971588081,0.414577659,1.205663917,0.595424934,0.876858884,1.181887204,0.6594462,1.094014442
E30000018,Bradford,0.318906984,0.342524937,1.794330529,0.108654271,2.34621351,0.980991777,1.13460953,0.76824845,0.615519418,0.443232311,0.917191066,0.910883058,0.674920264,0.608447983,1.115488654,1.221888293,1.267867216,0.695291101,0.862077013
E30000029,Halifax,0.39916886,1.190901055,1.758808839,0.021751767,0.529247008,1.154411307,0.969701657,0.797308339,0.848696274,0.513053489,2.116979213,0.922346252,0.580986116,1.133502231,0.765931951,0.957150899,0.860524233,0.882959497,1.443928001
E30000039,Skipton,1.23521829,3.277239758,1.121319405,0.006229734,0.424233747,1.441940051,0.984274961,0.563244004,1.370746195,0.355025086,1.950005179,1.127094295,0.901896955,1.603831482,0.310225426,0.939001097,0.559659476,1.029888168,1.266663387
E30000046,Dorchester and Weymouth,2.606195768,5.26948999,0.895487055,0.024716804,1.387782125,1.028369506,0.910458892,0.257930637,1.570742463,0.280301443,0.196708705,1.066957309,1.266523197,0.510194741,2.194323753,0.862888214,1.410990693,1.138555296,0.670865716
E30000051,Falmouth,4.343652925,1.654762966,1.258367847,0.144027929,0.28537072,1.384245663,1.306965925,0.306431426,2.53614261,0.454308761,0.221919581,0.785266928,0.790110955,0.508827612,0.408052706,1.220842161,0.678219799,1.187687615,0.623190471
E30000054,Grantham,2.344634158,2.214137064,1.301671543,1.183398958,2.723551444,0.872547112,1.252985103,0.905604823,1.018878697,0.316096089,0.316247331,1.151529711,0.765486211,0.690123583,0.587577935,0.869632927,1.369331772,1.309295148,1.212062234
E30000061,Hastings,1.252769779,null,0.882929188,0.179176478,0.574345352,1.113795018,1.049560184,0.641456731,1.532234282,0.397534813,1.258787362,1.025548252,0.605981054,0.515061683,1.077090635,1.048763519,1.558231237,0.819773049,1.073242397
E30000064,Hexham,14.77631163,4.116768535,1.252457644,3.460178171,2.705582791,1.002050743,1.145350321,1.071743024,1.64531559,0.35610499,0.204144719,1.056502552,0.795356607,0.370072189,0.388153839,0.791333521,1.217744275,1.170057028,1.042628227
E30000070,Isle of Wight,1.881485839,0.691739432,1.104762628,3.224464504,0.644407185,0.918784932,1.066203889,0.678785078,1.982422823,0.359784953,0.221463109,0.772134148,0.531304986,0.72082075,0.803642259,0.906519194,1.377387847,1.310386563,1.251645744
E30000076,Lancaster and Morecambe,1.146060927,null,0.618735985,5.106429158,1.037354063,0.941049105,1.033000124,0.891105179,1.105143508,0.46011415,0.525188846,0.804568239,0.73919467,0.747449752,0.613299801,1.940602484,1.330048347,0.808715907,0.881601427
E30000093,Middlesbrough and Stockton,0.316628707,3.69859894,1.18864289,1.004487308,0.877723726,1.134686198,1.014042951,1.065602793,0.848635895,0.473916606,0.560928806,0.996235478,0.793992619,0.822528339,1.315869423,1.040250938,1.371482668,0.937469496,0.721858912
E30000095,Minehead,7.25297384,null,0.509663157,null,0.408108051,0.982957608,1.18483659,0.514819467,3.640974907,0.232449736,0.108544525,1.822817402,0.500461896,0.221141226,0.429215022,0.981127478,1.01264106,1.388967706,1.462317974
E30000106,Penrith,4.240265693,10.04844792,1.084124808,0.232478495,1.207002974,1.317954465,1.088251209,1.509498503,2.583578308,0.189896545,0.300389456,0.729254389,0.646413772,0.38578356,1.637281247,0.763989018,0.668453046,0.835443695,0.882532302
E30000108,Peterborough,1.578076674,2.728557282,1.092943911,0.282236799,1.119244801,0.840970153,1.235111722,1.267752838,0.88516227,0.986094578,1.011437294,1.030911804,0.750158192,1.199048758,0.663089908,1.045463335,0.837090487,0.961731951,0.82693162
E30000110,Poole,1.776592424,3.23913716,1.524240361,0.257283558,0.897021835,1.370213596,1.037969339,0.596016549,1.092473322,0.536670381,0.723137104,1.362801261,0.794799558,0.893535898,0.594305814,0.760090376,1.219493061,1.157468753,1.145400146
E30000124,Spalding,3.793765302,null,2.556583265,0.397979305,0.809459671,0.965290994,1.405195306,1.747601805,0.536754698,0.136948516,0.205305674,0.356142317,0.422445347,2.004239496,0.249566498,0.640080334,0.50544458,0.4794258,0.647740236
E30000135,Thetford and Mildenhall,6.097691452,0.796419933,2.713949297,0.389684556,1.410331483,1.411118307,1.006618867,1.100170745,1.388489154,0.241956941,0.150140881,0.62018563,0.516386873,0.884617642,1.22354664,0.861711062,0.458751,0.996716958,0.728970881
E30000147,Whitby,3.557805687,0.227065932,0.715541403,0.019230726,0.435085983,1.328701354,1.135443782,0.464952721,3.220072691,0.181066785,0.154508591,3.793450398,0.359102983,0.235594678,0.421847746,0.997553895,0.942990386,1.436241736,1.117110578
E30000159,Andover,1.788273362,null,1.727418457,0.338243785,0.822725813,1.081909807,1.268823111,1.165497592,0.993516753,0.603515026,1.53404588,0.626301942,0.613035939,0.710136912,1.290647395,0.95787498,0.720817841,0.707731835,0.706939195
E30000160,Ashford,3.08385936,null,1.149893039,1.04660592,0.999512984,1.209304942,1.430463198,0.858461705,0.91248976,0.527934294,0.244185267,0.650777038,0.74029802,0.908351996,0.709133466,0.872550983,1.312982333,0.621935933,1.049040266
E30000161,Banbury,0.997081608,0.435158379,1.76144676,0.009546698,0.554954983,0.937123186,1.177403207,0.754331812,0.839286825,0.539435274,0.275340554,0.626624038,0.975810634,1.632266531,0.58745857,0.854707651,0.710015592,1.565874374,0.897444828
E30000162,Barnstaple,2.007000358,0.772849113,1.520767568,0.585836313,0.74724114,1.127454923,1.290281109,0.463206519,1.830456641,0.293275668,0.224553439,1.367444963,0.649848594,0.628438405,0.545735429,0.897752948,1.19910108,0.90013897,0.640073773
E30000163,Barrow-in-Furness,1.273239495,5.581222935,3.091993209,1.188428068,1.042487269,0.771993011,0.974719627,0.556733761,1.171860097,0.422509864,0.241499417,0.404191985,0.587545525,0.48904273,0.864480296,0.744688103,1.182440072,1.205492494,0.81449025
E30000164,Basingstoke,0.971419826,0.798992799,1.234819582,1.514801637,0.799952426,1.199313291,1.117431802,0.591933465,0.821513207,1.885451668,0.697186421,0.752927813,0.911965534,0.974799199,0.575957347,0.767392527,0.906690168,0.736912198,2.382961933
E30000165,Bath,0.345544588,null,0.628928146,0.383578703,3.05992496,1.117554486,0.961484031,0.337831052,1.404089948,1.061717635,0.900571001,1.417002542,1.215817927,0.495132764,0.327280062,1.543010306,1.14248007,1.181011565,0.956961731
E30000166,Bedford,2.256671934,0.464512823,0.925688273,1.047860666,0.809821225,1.184973466,1.002961709,1.30080242,0.992182802,0.648161039,0.36844865,1.328853139,1.050095507,0.824414719,1.30957461,1.240621277,0.928936985,0.942319301,1.011846315
E30000167,Bideford,3.776930623,2.198689143,1.130404018,0.248292137,0.579541349,1.694855143,1.197209036,0.83430186,1.908256534,0.201446998,0.225757024,1.206890456,0.644947938,0.501721617,0.534132154,1.19577973,0.965134696,1.578472903,0.540922228
E30000168,Birkenhead,0.349647404,null,1.019020519,0.901732329,1.212579994,0.942640761,1.0032208,0.808635147,0.922368915,0.361502735,0.312967623,0.736225463,0.985155497,0.661909772,1.071326597,1.092138554,1.658129197,1.281526182,1.181148818
E30000169,Birmingham,0.182267727,0.218687525,1.125445921,0.430954353,0.755234851,0.847159098,0.952531873,1.090945304,0.966799548,0.666722589,1.043730877,0.93396367,0.852547447,1.506716272,0.943466338,1.031668991,0.992998425,0.736332969,0.925695185
E30000170,Blackburn,0.455460075,2.04715266,2.366593152,0.559270277,0.840146932,0.722950617,1.233448854,0.844328732,0.712393802,0.387783757,0.26684023,0.604339616,0.614709321,0.6427653,0.910798637,0.993319105,1.27921304,0.834373507,1.03057737
E30000171,Blackpool,1.158696232,0.060137557,0.94589407,0.74745994,0.71937709,0.757479622,1.01181044,0.740105753,1.527704782,0.391075794,0.393557272,0.524166554,0.849252205,0.62372491,1.862683125,0.805660153,1.495356566,1.696686339,0.79177741
E30000172,Blandford Forum and Gillingham,9.358724081,0.973956099,1.48964826,null,1.021443519,1.681794429,1.196695374,0.524252985,0.90256429,0.418817299,0.245931003,1.029737893,0.768814831,0.460289871,0.868960773,1.587325417,0.796799966,0.901220286,2.061855863
E30000173,Blyth and Ashington,1.68755812,4.058330148,1.565907191,4.458447383,2.600132524,1.218424233,1.081222452,0.818959679,1.071014297,0.236591459,0.153262446,0.950477783,0.57847331,0.473125444,0.956395737,0.938937091,1.407577608,1.198077676,1.231304668
E30000174,Boston,9.872223666,null,1.820026827,0.169266471,0.796112774,0.752402359,1.223420745,1.137505086,0.721960813,0.103933597,0.19806203,0.663062927,0.324534676,1.72900043,0.640763998,0.808964559,1.268823664,0.725603922,0.722539117
E30000175,Bournemouth,0.827377584,1.705011252,0.715307927,1.263869464,0.774340076,1.218258396,1.045345648,0.526460489,1.316610525,0.756466475,2.385308594,1.588687402,0.857113953,0.698648248,0.472831272,0.978797511,1.126148785,1.201326964,0.873290089
E30000176,Bridgwater,1.590352516,null,1.589277985,7.089398318,1.735607896,1.41107399,1.013106113,1.991105253,1.083664706,0.226957577,0.190596292,0.791297305,0.50074217,0.636881383,1.395335447,0.970040253,0.847816511,1.03445712,0.629455841
E30000177,Bridlington,1.701904454,null,1.797854439,0.069159559,2.161354697,0.883077296,1.182276917,0.429124781,1.982828851,0.181289023,0.247611697,2.242152482,0.396437744,0.244029719,0.927425376,0.925427558,1.14326841,1.645991528,0.870011068
E30000178,Bridport,4.254942878,null,1.368933365,null,0.816215556,1.879519377,1.258018041,0.553833503,2.399207225,0.344636106,0.19348399,1.191928565,0.676356101,0.433279281,0.215175552,0.783782662,0.840388198,1.176568255,1.098562868
E30000179,Brighton,0.334414096,0.196153602,0.356598334,1.87759842,0.884556738,0.70773055,0.985757658,0.568413419,1.350197133,1.293859712,1.500922294,0.918729878,0.78824402,0.907558519,0.813610444,1.315082411,1.247020077,1.199823005,1.251807276
E30000180,Bristol,0.480810221,0.903279528,0.788614166,0.944314819,1.201137236,1.064479801,0.885380903,0.967292778,0.851063675,1.106574211,1.384584799,0.870091305,1.248004264,0.987326085,1.643411165,0.95754086,0.951679157,0.855472939,0.720725173
E30000181,Bude,3.397286092,null,1.127394633,1.275163025,0.635453461,1.675442012,1.550326119,0.461467884,2.029307848,0.309221325,0.298439996,1.063822285,0.710240683,0.634436414,0.161680941,0.681750633,0.82866093,1.343367614,1.232034547
E30000182,Burnley,0.556153143,null,2.796113934,0.045207728,0.596695888,0.842022048,1.284205855,0.843144437,0.678347979,0.577389758,0.345737469,0.638301881,0.476147183,0.74164155,0.494280571,0.954841805,1.069249327,0.985940526,0.81844146
E30000183,Burton upon Trent,1.444845959,0.793276933,1.728886426,0.184161224,1.111812967,1.024583627,1.090085222,1.594632235,0.999897046,0.513136545,0.249161332,0.835227346,0.821510854,1.152819306,0.627253469,0.874240366,0.883642048,0.91228103,0.778465186
E30000184,Bury St Edmunds,0.96845858,null,1.249193581,1.401802584,0.769237963,1.157160182,0.934330226,0.695693143,0.695669088,0.316931002,0.529866457,1.05670548,0.612060118,2.785132246,0.46232861,0.773377278,0.990744629,0.684719656,0.687805781
E30000185,Buxton,1.048412416,37.6630813,2.004196196,null,1.111461285,0.848240863,0.980344646,1.360452683,1.603959376,0.327898381,0.131725196,0.704808337,0.618700245,0.507012478,0.922146589,1.00383918,0.830401119,1.396379043,0.741081796
E30000186,Cambridge,0.822323339,0.099583025,1.034866105,0.137085576,0.864328405,0.997546756,0.849204083,0.672103006,0.872215394,1.285942007,0.384938113,0.831053768,1.714899655,1.005981737,0.479453981,1.425098757,0.866797291,1.065174873,0.964759666
E30000187,Canterbury,2.764438132,0.860446585,0.510984346,0.368606292,0.573020245,0.947874347,1.150490094,0.605056999,1.223258184,0.539560101,0.822203867,0.605867247,0.837760525,0.668855749,0.64562543,1.940676219,1.217154088,0.913880689,1.530070637
E30000188,Chelmsford,0.994720779,0.940975078,0.840487037,0.171187378,1.13825499,1.687145158,1.052424472,1.237852556,0.918792077,0.884050118,0.923390207,0.853526992,1.005274515,0.866034694,0.945772544,0.969467242,0.957760857,0.906543987,1.0750422
E30000189,Cheltenham,1.330674161,0.062387698,1.497965753,0.072114815,0.899481647,1.098519995,0.984985689,0.439830996,1.226597886,1.124450769,1.017886489,1.019661429,1.088499073,0.785166171,0.574939759,0.936803644,1.030075007,0.954314683,0.891244809
E30000190,Chesterfield,1.915932307,1.600346546,1.251325016,0.192690312,1.182684245,1.04926668,1.228978417,1.003735375,1.113637648,0.587848759,0.487105993,0.742517677,0.717376576,0.729965044,1.29491206,0.855214416,1.205474485,1.007376355,0.914402074
E30000191,Chichester and Bognor Regis,1.861642863,0.371014983,1.130408388,0.090346102,1.091924041,0.957938974,1.119139994,0.576069407,1.504527587,0.505759247,0.434718486,1.110324115,0.772023772,0.749871345,1.113248402,1.01713398,1.215727888,1.175322211,1.104739389
E30000192,Clacton,1.100836772,null,0.841410759,0.002745329,1.489391063,1.19627415,1.263876407,1.193871835,1.679484617,0.217109143,0.287366287,0.807596446,0.481783786,0.471325189,0.942374979,1.187399446,1.319796939,0.894607409,1.3398506
E30000193,Colchester,2.100459229,0.72282293,0.771525648,0.51327615,1.607599182,1.262931337,1.072995127,0.600530433,0.997790286,0.729294841,0.924851473,1.361421255,0.888585759,0.788087041,0.497220531,1.370820824,1.24728492,1.391375034,0.754734053
E30000194,Corby,0.995492243,null,2.548707549,0.064104767,1.359928727,0.692211978,1.504216484,2.805459745,0.596518174,0.246300667,0.13057882,0.429885763,0.401654501,0.959466445,0.500601082,0.92060922,0.429020783,0.738805273,0.826017262
E30000195,Coventry,0.355928806,1.56772635,1.329656334,2.238382224,1.940734691,0.68759166,0.959572418,1.65906574,0.852619977,0.58500488,0.677240303,0.681432205,0.876307998,1.109830533,0.855125908,1.317454659,0.889310406,0.758623326,0.950664655
E30000196,Crawley,1.406215086,0.747446014,0.776268872,1.374923631,1.056179482,1.153532961,0.979002346,1.766698252,0.917591966,0.98043368,1.422185452,0.741281887,1.007165848,1.106458095,0.482941993,0.937562515,0.908635606,0.772954895,1.207601327
E30000197,Crewe,4.228418894,3.92819013,1.432397235,0.892649204,1.080582678,0.832116928,1.189759092,1.594025721,0.807322339,0.712248732,1.647144008,0.575402023,0.844701482,0.927439102,0.748529787,0.762365792,0.840852938,0.853750746,0.829550589
E30000198,Cromer and Sheringham,6.228402252,3.51296975,0.368819495,null,0.470023967,1.315905805,1.164354331,0.493867821,2.886222662,0.291562499,0.237503993,1.000087307,0.523322677,0.443290044,0.773309741,1.271998771,1.008372303,1.832661172,1.110023076
E30000199,Darlington,1.46029293,null,0.769927261,0.038167493,0.761796925,0.657411319,0.928357521,1.186691306,0.904954647,0.559783959,1.579182573,0.527412728,0.976077624,1.027037462,1.324327221,0.816040865,1.508014301,0.909144135,0.942529935
E30000200,Derby,0.977998516,2.872338219,2.307694423,0.259623268,1.145838819,0.901964919,0.837364196,1.308263819,0.889669367,0.462848198,0.248065866,0.943277367,1.040412928,0.975210211,0.827457704,0.943715707,0.91820098,0.80866215,0.742547998
E30000201,Doncaster,0.484892126,1.147713649,1.111481601,0.138204016,0.785304765,1.432791002,1.109449432,1.838892852,0.73341258,0.395788669,0.583796018,0.625972378,0.539065766,0.793284933,1.211504104,0.984969841,1.355123964,0.841214176,0.834033847
E30000202,Dudley,0.192250588,null,2.010977715,1.509770231,0.869145275,1.214577855,1.293684222,1.247543007,0.714979683,0.350138646,0.348038162,1.167952319,0.46093273,0.636645203,0.677247389,0.924935397,1.194774761,0.750186242,1.155960733
E30000203,Durham and Bishop Auckland,1.895546352,2.846953596,1.729774489,1.936309237,0.427246564,1.268983896,0.951457822,0.825478361,0.905103969,0.239494148,0.232809469,0.793503403,0.51550247,0.459308832,2.449056341,1.441859356,1.072572588,0.926358843,0.946924979
E30000204,Eastbourne,1.864072009,null,0.769057209,0.301578021,0.926056947,1.106986432,1.228456377,0.425630543,1.280258464,0.532680364,0.358848967,0.77749283,0.818230418,0.471864931,1.429178352,1.100217469,1.469255813,1.178815648,1.392102455
E30000205,Evesham,2.52317772,4.548083844,1.544087998,0.228788706,2.417414548,1.211763586,1.251678566,1.341935051,1.708371492,0.457022362,0.231663963,1.124508096,0.841116532,0.546242502,0.766493921,0.833191828,0.5783579,1.164006899,1.01018094
E30000206,Exeter,2.168304193,2.875872457,0.805496602,1.393391026,1.498567077,1.366490291,1.163159213,0.911565346,1.160903071,0.691339284,0.454886675,1.144244968,0.840440952,0.728583428,1.210447837,1.078408964,1.07695709,1.010480051,0.933690565
E30000208,Folkestone and Dover,0.640205797,0.434145234,0.654715243,2.560073025,0.845415587,0.931579113,0.926239128,2.028245321,1.271912516,0.404744288,0.871920249,0.505195258,0.565142642,1.133925495,1.847774878,0.956565524,1.021268746,1.022538275,0.95498923
E30000209,Gloucester,1.538118198,0.415441162,1.427569532,3.892077021,0.861893059,1.421474595,1.009533115,0.67811139,0.835670525,0.788315929,0.938074391,1.197405928,0.762221576,0.822040117,0.968660702,0.829364626,1.239897636,0.841949107,0.735240108
E30000210,Great Yarmouth,2.049769944,7.148093423,0.943703811,0.455449545,1.707147628,0.96193074,0.991961844,0.649027523,2.08780616,0.214424737,0.213069451,0.407582427,0.868927276,0.54814749,0.551900206,0.919999819,1.593495052,1.652036164,0.59262287
E30000211,Grimsby,1.620310656,1.219726409,2.050061018,0.987910215,1.368052221,1.144898145,1.084878967,1.773442776,0.789677996,0.176098833,0.320751843,0.926186921,0.634559349,0.632388138,0.680658317,1.044293013,1.089409032,0.777798498,0.988468681
E30000212,Guildford and Aldershot,1.549909997,0.586385128,0.703563138,0.559514884,0.580922835,1.077973835,1.060962287,0.481544621,1.016818163,1.628770458,0.738734931,0.754787162,1.468567145,0.903764831,0.626371955,1.06718111,0.918679807,1.240913964,1.277075724
E30000214,Harrogate,0.97618822,null,0.657075572,0.645584209,0.620591241,1.016563786,1.10119928,0.55384647,1.265595149,0.953434597,0.675099259,1.603124483,1.274212747,0.824871225,0.761073816,0.879298308,1.135033873,1.115734107,1.465993442
E30000215,Hartlepool,1.132165245,null,1.404697527,8.647996467,1.223718289,0.951744294,1.015697178,0.724625089,1.054646793,0.36318836,0.182583305,0.543139749,0.524032988,0.496792457,1.364398719,1.315588117,1.437101717,1.160912899,0.807807528
E30000216,Hereford,3.561692164,1.525249512,1.957663363,0.510976361,1.254572157,1.144612624,1.174541423,0.507235816,1.198873812,0.356959097,0.335882576,1.357832182,0.614269708,0.703523935,0.482794901,0.917655949,1.249712454,1.009061394,0.829480559
E30000218,High Wycombe and Aylesbury,1.573994959,0.184865365,0.84825989,0.120486203,1.041606209,1.169856861,1.256247942,0.463300945,0.830135056,1.378421278,0.60188125,0.942901052,1.101150756,1.09278359,0.749576511,1.031703915,0.981731835,0.79936681,1.166863769
E30000219,Huddersfield,0.160206285,0.551771118,1.932761662,0.222359014,0.657196592,1.012714758,1.292347305,0.668832831,0.739253555,0.365398549,0.303373351,1.446248109,0.62444241,0.5761153,0.835506324,1.27805034,1.172700522,0.86241322,1.113469024
E30000220,Hull,0.538261375,1.707993862,1.831434888,0.351786337,1.23498278,1.181160868,1.037733995,0.837327032,0.735732806,0.490167171,0.23266106,0.983596165,0.595773695,1.106134445,1.324504974,0.996761565,1.113072866,0.780825577,1.101465957
E30000221,Huntingdon,3.056451806,0.64872576,1.769099484,0.222901432,4.042484403,1.014444098,1.001214797,0.909466849,0.741219934,0.742340153,0.38643992,0.943543593,0.931300881,0.979831522,1.469503884,0.828083619,0.868494832,0.834005977,1.009444065
E30000222,Ipswich,2.044709929,0.248663083,0.783569275,2.76639211,1.064298692,1.133883329,1.006622461,1.774018571,0.920005269,0.977522936,1.123611568,0.684315206,0.710515977,0.790381907,1.206160539,0.977407626,1.029389929,1.304956587,0.937633425
E30000223,Kendal,1.243230403,0.665521722,1.063839445,0.903295253,1.048287758,1.093808899,1.316958011,0.63011307,2.537226226,0.285301425,0.306856112,1.115982074,0.675059129,0.42365952,0.486876708,0.873066836,0.90418975,1.580191775,1.252663976
E30000224,Kettering and Wellingborough,0.835679634,null,1.534506137,0.475331293,0.959347518,0.905487305,1.373111584,2.409680838,0.762958046,0.347298692,0.300159364,0.606330716,0.7650322,0.921646851,0.424150922,0.782896857,0.90649387,1.125455129,0.824209321
E30000225,King's Lynn,2.755972759,1.961055992,1.565443053,0.380659252,1.081705265,1.310067303,1.21249963,0.650427824,1.217581025,0.272652301,0.717168869,0.869415624,0.565541064,0.781100238,1.036656761,0.878955881,1.241444405,0.607899814,0.843817675
E30000226,Kingsbridge and Dartmouth,4.809083411,null,0.625997956,null,1.107558045,2.08998446,1.341926566,0.426870337,3.336979263,0.417110485,0.213471056,1.701730992,0.774298383,0.611394119,0.194477465,0.689106753,0.367885642,1.243169461,0.932387254
E30000227,Launceston,9.358830368,null,1.752986359,0.344187999,1.066297723,1.487953373,1.44666394,1.490243087,1.290892866,0.259564914,0.320711335,1.321080272,0.587557079,0.333877918,0.369845326,0.74727566,0.883634857,1.360590112,0.568139233
E30000228,Leamington Spa,1.914602279,null,1.447951175,5.774396149,0.619452767,0.705108973,1.043486079,0.651880295,1.249757518,1.027520505,0.733956113,1.08719515,1.100551879,0.789853099,0.83849177,0.735485002,0.859008137,1.283604373,1.402105399
E30000229,Leeds,0.211005211,0.242090214,0.723695941,1.871536716,1.083707345,0.963479636,0.844902531,0.883327898,0.792676442,1.215477172,1.554728692,1.143500957,1.143977458,1.307529018,0.77473557,1.063636032,0.991011416,0.99213298,1.01878789
E30000230,Leicester,0.983601232,3.661996177,1.66264326,3.084500996,0.744384951,0.890493152,1.078855019,0.990447279,0.744999485,0.529775846,0.615387955,0.74454765,0.969955492,0.867461782,1.06466085,1.259482235,0.831246989,0.983832143,1.055994206
E30000231,Lincoln,2.998194302,2.095785635,1.363029836,0.625027155,2.574825077,1.078580335,1.101669807,1.155351297,0.982711223,0.626026576,0.273580424,0.759238349,0.689151501,0.888360939,1.260982012,1.028552744,0.996972983,1.014442205,1.167009037
E30000232,Liskeard,3.996988627,4.0409096,1.271037329,0.057710192,1.257875962,2.190967878,1.389500184,0.782019554,1.735137842,0.250830633,0.177900635,1.179252179,0.65432975,0.589801622,0.132421086,0.844846802,0.906523267,0.987498483,0.757254327
E30000233,Liverpool,0.480077536,0.085301805,0.812322964,0.251461346,0.964198727,0.723150357,0.956969483,1.15021817,0.977056037,0.533709981,0.986919156,0.809031887,0.882894378,0.783798267,1.583641707,1.059607686,1.428559711,1.308925068,0.898458737
E30000234,London,0.185914774,0.564851094,0.284391701,0.574859816,0.499553449,0.844912326,0.769907474,0.762399647,1.037877573,1.860589972,2.154216889,1.416830789,1.503175943,1.213223683,1.028932181,0.832260513,0.789837352,1.136560314,1.098992364
E30000235,Lowestoft,1.406671183,0.814435259,1.982079406,0.842099404,1.340546598,1.269147736,1.162793833,0.528054383,1.290205895,0.264790586,0.283206729,0.737752516,0.717909077,0.652179367,1.073050955,0.986396447,0.961535159,1.317326405,0.792413754
E30000236,Ludlow,8.173558557,2.654638737,1.412857216,1.160712533,0.814519945,1.413104502,1.283570937,0.451877319,1.850908283,0.457792341,0.248810006,1.760736753,0.839443624,0.469503164,0.307379124,1.072459555,0.733786426,0.845227199,1.455668646
E30000237,Luton,0.391533869,0.097215892,0.613972718,0.306966104,0.435958149,1.02331123,0.991456017,1.088410408,0.803285501,1.148705193,0.505148193,0.886866655,1.300837044,2.226605722,0.495554951,0.905347431,0.699310055,0.904715071,0.81955514
E30000238,Malton,4.727554862,1.563997176,2.65902168,0.247712877,0.362630116,1.18206003,0.966089707,0.468276056,1.220560881,0.222655155,0.211597274,2.249166699,0.587298041,0.682986034,0.527512105,1.037037569,0.559361759,3.289435786,0.58954447
E30000239,Manchester,0.308890103,0.541836744,0.921895467,2.146669572,0.776312405,0.852386955,1.046085918,1.167712046,0.817969608,0.882039349,0.949814271,1.07883696,1.180366949,1.102409921,0.919535046,0.949749913,0.993910435,0.982570684,0.95140699
E30000240,Mansfield,1.193584559,0.690165734,1.97608755,2.038668127,0.912210408,1.373110439,1.111553815,1.292310261,0.928191981,0.26241284,0.256313361,0.618971151,0.619524508,0.83906019,0.569388048,0.841109621,1.144972143,0.90462209,1.114528205
E30000241,Margate and Ramsgate,0.521843066,0.089182935,1.092299649,0.713812997,1.54921399,1.082908477,1.087587726,0.776137597,1.359552639,0.500459654,0.397503477,0.613543445,0.768708654,0.499419812,0.551852328,1.300864674,1.491973419,1.18172776,0.961364144
E30000242,Medway,1.229348081,0.437415518,0.969525396,1.409351952,2.084150379,1.483474678,1.089309629,1.239236981,0.862085517,0.578198265,0.73368045,0.901906855,0.669727095,1.044036683,1.310632862,1.036080373,1.014517146,0.767733613,0.906263456
E30000243,Milton Keynes,0.567259044,0.145898868,0.852464908,0.344054853,0.348666414,0.707928253,1.117320935,1.685347935,0.805604454,1.328271345,1.2546462,1.0224586,0.92892701,1.077914651,0.627436185,1.257503772,0.681670137,1.064380448,1.284670057
E30000244,Newbury,2.478930151,0.239892725,0.921222817,1.853226753,0.733989518,0.956449707,0.968568942,0.574616177,0.965339916,3.392237208,0.274927102,1.038342979,0.960735296,1.023374058,0.613971366,1.161149519,0.570410562,1.504501195,1.025891033
E30000245,Newcastle,0.376497206,0.379288059,0.89011205,0.84758062,0.745721687,0.8414382,0.931567038,0.85248566,1.090666426,1.135546176,0.623052555,1.016208425,0.730156383,0.984716423,1.583117493,1.079681672,1.25828125,1.063579391,0.95003387
E30000246,Northallerton,3.271926885,2.344987766,1.489147921,0.564145466,0.951284111,1.429427566,1.126886853,0.590278921,1.346544597,0.317499149,0.157975854,2.498187685,0.574726296,0.441505069,2.621036887,0.812116837,0.729531033,1.239795723,1.275335672
E30000247,Northampton,0.65536171,0.133986254,1.017055653,1.232778671,0.627960672,0.894200689,1.065352895,1.887943817,0.746724452,0.504436741,1.44246826,0.832674186,0.944454251,1.083329785,0.871097609,0.799650067,0.971452133,1.023438219,1.210107546
E30000248,Norwich,2.409308447,3.483981517,0.904257807,0.278866701,0.968463382,1.113363601,1.068986161,0.602440282,0.880049451,0.591734123,1.420934218,1.182499151,0.727350222,0.824961296,1.395252547,1.124085014,1.221463501,1.151862945,1.017978226
E30000249,Nottingham,0.637617292,0.740327834,1.062731104,3.22110987,0.830280181,0.920821325,1.107736208,0.736655948,0.867477306,0.912945358,0.573582097,0.910946025,0.89346031,0.933190087,1.151962589,1.295782378,1.004155723,1.169591059,0.907904946
E30000250,Oxford,0.933006898,1.088595767,0.815370817,0.688143948,1.218524604,1.181998943,0.919247419,0.656019597,0.956847141,1.27481779,0.288404216,0.85186603,1.334835453,0.631985242,0.632741409,1.949753904,0.96165554,0.700584424,1.117693339
E30000252,Penzance,4.868570539,1.503533029,0.511640314,0.389995531,1.050122626,1.085955197,1.286954567,0.858813452,3.296724643,0.310971381,0.399615392,0.972282149,0.772024456,0.482897922,0.244998618,0.782698642,0.761429955,1.749993108,0.879905597
E30000253,Plymouth,0.948877275,1.361328764,1.537135216,1.194538352,0.567767928,0.999370795,1.031872633,0.877519937,1.147727802,0.512785689,0.323633983,0.971060206,0.592178725,0.730529459,1.277450193,1.134796685,1.260075093,1.025255746,0.910466805
E30000254,Portsmouth,0.929964506,0.411777387,1.196945935,1.81925389,1.052049319,1.025413327,1.034855241,0.611787712,1.12474619,0.909768781,0.359683816,0.716666485,0.697382896,0.993813772,1.425724991,1.267715472,1.048147474,0.850340755,1.053941303
E30000255,Preston,0.494988204,0.470503358,1.259843695,0.350432984,1.955495191,1.833691769,1.128592698,0.937772736,0.68470036,0.572615434,0.45037845,0.761092398,0.625241436,0.955969433,1.501419002,0.847505382,1.189146959,0.766870593,0.845993234
E30000256,Reading,0.462792304,0.25393386,0.436516006,1.505469795,1.967501521,0.725493258,1.047795846,0.484059585,0.828272459,2.898476738,0.729748791,0.648322777,1.517459853,1.103769976,0.495805075,1.096141245,0.805939556,0.791938745,1.188322543
E30000257,Redruth and Truro,1.824472573,0.563620563,0.607088059,0.953045699,1.167325364,1.225237589,1.04608914,0.486697112,1.275603474,0.469078617,0.322326075,1.634341296,0.540353692,0.904350286,1.459132802,0.941574365,1.709715812,0.697045498,1.159242324
E30000258,Salisbury,5.539241,0.653268592,0.841770811,0.029956224,0.961419756,0.91050373,1.060093794,0.524377252,1.159715144,0.623395351,0.441488645,1.347351449,1.514404719,0.639259072,0.783530954,0.881903549,1.371332556,1.053064866,1.10542514
E30000259,Scarborough,3.450526368,null,1.593977528,0.288357278,0.196591519,0.732544208,0.968476003,0.473419769,1.789022864,0.205079847,0.199720517,1.314819581,0.341391359,0.838488672,0.854800222,0.937097491,1.610371075,1.266035003,0.971097775
E30000260,Scunthorpe,1.5529672,2.414024413,2.773979462,0.831295815,1.492610199,1.500870246,0.99934062,1.181120257,0.717823502,0.178163323,0.142222292,0.555737428,0.373239871,0.80745744,0.686078823,0.904997673,1.136799543,0.742818344,0.944744994
E30000261,Sheffield,0.411137352,0.09428988,1.274008757,0.627421034,0.710817193,0.92707438,1.030994534,0.825586724,0.815579071,0.827888848,0.779941804,0.760672495,0.771904566,0.765067443,1.184583333,1.357393043,1.225036234,1.017362006,0.960612681
E30000262,Shrewsbury,2.74264512,1.385082113,0.890349071,0.059545573,1.903383695,1.25985849,1.13492821,0.879619457,1.210031028,0.466870287,0.291558856,1.260262075,0.901952084,0.609782179,1.371174317,0.876065021,1.351751327,0.795348652,1.086881751
E30000263,Sidmouth,3.204065394,null,0.872113447,null,0.371664342,1.46867389,1.382626554,0.411130987,2.421538886,0.357828253,0.127597863,0.83500803,0.662785134,0.33255576,0.125875151,0.832043544,1.134394711,1.354840923,2.412020492
E30000264,Skegness and Louth,3.648710264,null,1.160777394,0.337462412,2.69157664,0.84740136,1.329859521,0.510089026,2.453786937,0.234509455,0.189055166,0.804031007,0.454989051,0.686675738,0.588856689,0.974648045,0.831990143,1.92797014,1.284892343
E30000266,Slough and Heathrow,0.189286938,0.648513266,0.513716546,0.768033543,1.119273891,0.977003439,0.990779745,2.517159698,1.00765589,1.845628113,0.436764945,0.75833016,0.948065652,1.137302718,0.632405678,0.952071813,0.74433931,0.98734367,0.97532847
E30000267,Southampton,1.247096669,0.726870521,0.8743002,0.899470428,0.9545406,1.005474451,1.111365054,1.2132673,0.937963513,0.965167292,0.965638473,0.694557483,0.935093774,0.840458771,0.839592581,1.038612888,1.157368836,1.002924311,0.98525232
E30000268,Southend,0.486670973,0.024355294,0.878904559,0.224164743,1.007991822,1.405284066,1.069883724,1.132809566,0.893779444,0.674916634,0.887236714,0.861846462,0.981482805,0.992892994,0.783033039,1.079614178,1.065464929,1.117405105,0.945740276
E30000270,St Austell and Newquay,2.703383303,13.23151533,0.880075129,0.727577553,1.347131193,1.369815738,1.289836307,0.693934383,2.420251885,0.283003343,0.195716158,1.202873681,0.542951817,0.717653017,0.622028499,0.832160703,0.910576175,1.094916383,0.948748116
E30000271,Stafford,2.592709474,1.346593913,1.509800778,0.056122076,1.078612355,1.021556259,1.004612678,1.817122046,1.092506439,0.545988498,0.278234923,0.892251735,0.583325767,0.635320988,1.806780595,0.848867985,1.083837967,0.812940324,1.051207081
E30000272,Stevenage and Welwyn Garden City,0.404514817,0.540475754,0.97352696,0.277398373,1.843619969,1.116092662,1.155932587,0.596074058,0.71656136,1.222830819,0.49953409,0.770292275,1.576362968,0.846492318,0.710013532,0.985501539,0.977070433,0.774653184,1.385008289
E30000273,Stoke-on-Trent,0.697946765,1.331776541,1.644928188,0.381888894,1.072903295,0.980312549,1.085987076,1.539574023,0.873497201,0.617768758,0.445180873,0.605191051,0.505882015,0.795978236,0.623095418,1.003867856,1.231036819,1.678405123,0.856728265
E30000274,Street and Wells,3.851685629,17.45336724,1.015509048,0.484509343,2.304893656,1.261334923,1.18877277,1.314739332,1.337054312,0.419207899,0.275714224,1.081238177,1.076518285,0.509050229,0.421575592,1.399147159,0.680030531,1.067298851,1.188520015
E30000275,Sunderland,0.396832022,0.162974063,2.004156782,7.446315341,0.84434332,1.006146365,0.937142767,1.068009209,0.839761114,0.333719594,1.043553956,0.652551718,0.381045949,0.911621339,1.43947028,0.989734009,1.046368728,0.78959953,0.709630603
E30000276,Swindon,2.494228648,1.22794756,0.936752908,0.629319361,1.904269535,1.037441131,1.163697699,1.182406053,0.995689079,0.771072199,2.090209595,0.970118446,1.007294156,1.120530569,0.425673309,0.860569431,0.697674356,0.93081961,0.991800013
E30000277,Taunton,2.658474284,null,0.810185717,0.752945357,0.932095645,1.107163768,1.088466371,0.376739496,0.933807804,0.414553193,0.73155339,0.817786705,0.958681272,0.621949384,1.210820499,1.024569985,1.870807599,0.70080185,0.725080329
E30000278,Telford,1.026646676,1.14195422,2.114635241,0.419124046,1.685058749,0.778011057,1.117389605,0.928300262,0.916799179,0.923209015,0.693065149,1.01518038,0.588392547,0.974976634,1.173416694,0.950549263,0.753779148,0.862068401,0.843320964
E30000279,Torquay and Paignton,3.224837489,null,0.615687273,0.411751559,0.699823997,0.921190118,1.172293635,0.529693338,1.95435202,0.271504128,0.344628228,1.116789476,0.631078859,0.640108294,0.874715602,1.004435384,1.645423654,1.161349128,0.867032625
E30000280,Trowbridge,1.363126761,1.994999837,1.489070263,1.014939808,1.109621079,1.252939877,1.055998921,0.592152908,1.135966125,0.709565987,0.284664677,1.241981802,1.241013253,0.744919343,1.283200446,0.950989235,0.905510557,0.73885721,0.597428944
E30000281,Tunbridge Wells,2.874218677,0.432675505,0.73544189,0.164873799,0.980114752,1.464334858,1.241016739,0.495097858,1.032563177,0.994616533,1.395739963,0.944535041,1.097523497,0.692831526,0.304167778,1.202793576,1.008532762,0.765796771,1.337273932
E30000282,Wadebridge,6.235192467,7.617642177,0.816659405,0.713124803,0.268875393,3.013859701,1.44680475,0.234710918,2.923805337,0.406057389,0.223506866,0.716243906,0.504262556,0.531617513,0.043937998,0.515073329,0.511005986,1.680784734,0.950841144
E30000283,Wakefield and Castleford,0.361664818,0.902916208,1.544819766,1.267626486,1.098038342,1.145481341,1.086987367,2.169078241,0.691697259,0.346285801,0.271968113,1.011066094,0.520253189,0.939628016,1.435814695,0.841816126,1.092715222,0.61014464,0.8151692
E30000284,Warrington and Wigan,0.186981303,1.22200494,1.148478507,0.617062151,1.439770254,1.162652144,1.097418361,1.545095458,0.779547078,0.488752206,0.306477294,0.683029357,1.167984683,1.285095555,1.017854645,0.715235636,0.952584122,0.901176281,0.923320495
E30000285,Weston-super-Mare,1.914728136,1.081062607,1.0801782,0.274706634,1.871597416,1.070972897,0.99242658,1.046724545,1.313770958,0.563151778,0.37538365,1.228899072,0.817169016,1.295000988,0.627729093,0.960679268,1.084812795,1.0159925,0.751608805
E30000286,Whitehaven,0.473967892,1.531731692,4.08908135,0.107164797,1.295238295,1.470161064,0.568478602,0.491629014,0.78945808,0.143751328,0.123710084,0.266260491,0.824670158,0.704249976,1.504996663,0.611088622,0.912363417,0.72777244,0.639855239
E30000287,Wisbech,7.63615566,null,1.973703458,0.227480752,1.609870475,1.143832396,1.105588212,1.561322468,0.569755366,0.245221916,0.261838969,0.538020302,0.397018511,1.730738479,0.917579373,1.042624888,0.750596957,0.47335703,0.821328032
E30000288,Wolverhampton and Walsall,0.649480993,0.423192662,1.596650773,0.29308666,1.935484027,1.102739532,1.189201165,1.370731318,0.842716401,0.363064633,0.710289491,0.915641553,0.463586671,0.933361284,0.892158875,1.038862307,1.082789228,0.893112992,0.847164755
E30000289,Worcester and Kidderminster,0.702301751,0.355533958,1.408378914,0.463862029,1.410629069,0.90389506,1.025511179,1.154393532,1.178523623,0.626538897,0.339595099,1.61420393,0.632705975,0.836657492,0.954609254,1.013414714,1.113769615,1.219003695,1.136475494
E30000290,Workington,2.048230216,4.029322924,1.411844075,0.504139605,1.17307855,1.30630975,1.255112784,0.775835383,1.604536505,0.215375887,0.244143013,0.820116141,0.576057468,0.816337766,1.186504173,0.947271022,0.875822297,1.128098356,1.093583105
E30000291,Worksop and Retford,1.909287329,0.568463655,2.205092237,2.578379935,0.57264726,1.001521859,1.091576356,1.486446163,0.728929429,0.380522036,0.385835305,0.407536483,0.788254159,0.648412497,0.924046198,0.880590359,1.059652144,0.811308211,1.090673927
E30000292,Worthing,0.934602568,null,1.059936891,0.667176596,2.459336698,0.777507409,1.112996748,0.345836444,0.925224985,0.602218507,0.99032927,0.800377415,0.690870578,0.651519573,0.898579855,1.008842944,1.827531046,0.933244823,1.042659364
E30000293,Yeovil,2.045546119,1.527636436,2.154986853,0.500690876,0.868539995,1.192843188,1.169390186,0.510979963,1.000690748,0.429254073,0.213759435,1.575189461,0.780139141,0.744087551,0.535323453,1.012811107,1.026694451,0.804586527,0.988145122
E30000294,York,1.212601408,0.237472501,1.11751926,1.678702581,0.5106012,1.046785689,0.97262857,1.192044675,1.111756596,0.683517549,0.72391121,1.330416618,0.888967606,0.84701929,1.199342705,1.159636379,0.928538084,0.959467267,1.166547248
K01000005,Cinderford and Ross-on-Wye,4.45145246,1.492245191,1.669906122,0.192499758,1.146591752,1.343229684,1.103823543,0.695357721,1.363760173,0.443793775,0.461507448,0.993329575,0.782462014,0.725768349,0.48583756,1.06881385,0.953106605,0.958629177,1.313853679
K01000009,Berwick,8.757739362,1.791862903,1.21781764,4.593641354,1.10767166,1.467052175,1.438375079,0.6653582,2.350743194,0.153747917,0.162586297,1.117242868,0.549953889,0.409291472,0.384353294,0.645301842,0.904474717,1.240898639,0.826164969
K01000010,Carlisle,1.048928351,1.402741188,1.397902555,0.373106238,0.804375284,1.133428417,1.223345136,1.685017132,1.033061617,0.283497706,0.430256155,0.770149771,0.706236085,0.730402642,1.089844373,0.644822987,1.277114663,0.825527329,0.804920028
K01000011,Chester,1.057871984,1.582199294,1.936062611,0.376831682,1.566928291,0.831969249,1.071504173,0.677727071,1.016584365,0.468806614,1.437799228,0.776950365,0.966653699,0.999457187,0.933027866,0.754550888,0.811064446,1.221966038,0.676139514
K01000013,Newport,0.84954612,0.732124383,1.570362271,1.404591344,1.330354594,0.806742869,1.077604061,1.152310747,0.96923786,0.442430516,0.910586286,0.911843419,0.587996466,0.735261328,1.897050844,0.848501881,1.141217842,0.775967083,0.8613763
K01000014,Oswestry,10.01209303,null,1.697759755,0.336344909,0.664390531,1.563325019,1.111684949,0.945337377,1.37335623,0.509947929,0.445371788,0.916750476,0.360457846,0.472559209,0.21511243,1.335281464,1.178271942,0.889203191,0.846602515
W22000003,Bridgend,0.93198944,0.842171185,1.841404818,1.20131182,1.190727095,1.233236399,1.073903051,0.675016573,0.999969343,0.779510727,0.260353648,0.750705282,0.412053834,0.765273441,3.372544298,0.949128901,0.683505212,0.749063529,0.580839739
W22000009,Haverfordwest and Milford Haven,7.647423414,7.526885944,0.469845148,1.497823783,0.727943864,1.200126114,1.15959794,0.737444,2.090950391,0.31636142,0.249489311,0.5431765,0.475862559,0.46447403,1.825882959,0.916111022,1.46403208,1.099965534,0.699009452
W22000011,Llandrindod Wells and Builth Wells,19.87198599,null,1.125094838,0.124478209,1.213796753,0.956249443,0.952700298,0.852023585,1.491017318,0.301515127,0.272764627,0.437052219,0.39528105,0.204017265,4.491145156,0.683692482,1.172204619,0.93108983,1.038548299
W22000015,Newtown and Welshpool,7.230300983,null,2.373260989,0.467642727,0.740254912,1.079816135,1.332456552,0.835417501,1.136201708,0.427762502,0.270066093,0.87900032,0.778346342,0.398947966,0.684980097,0.928310849,0.872510366,0.669605525,0.921812569
W22000016,Pembroke and Tenby,7.368149083,null,1.221615725,null,0.2928255,1.077700718,1.141337124,0.599163897,3.482430714,0.14275116,0.136343642,0.532421552,0.364490473,0.433061302,0.865514299,0.796189473,0.786165731,2.191997328,0.625508173
W22000021,Aberystwyth,14.20362615,1.799367986,0.347756937,0.684093313,0.602198139,1.107812255,1.161051269,0.708472999,1.920627872,0.252030997,0.208507952,0.774465023,0.456037517,0.242634946,2.296689121,1.631326172,1.195015135,1.018907125,0.959531892
W22000022,Bangor and Holyhead,2.418850324,4.312103717,0.895525679,0.850438436,2.537182181,1.061004884,0.934948248,0.607784211,1.720186743,0.504623908,0.394235411,0.844607021,0.369235812,0.303789821,1.650729761,1.533830035,1.509182752,1.091333509,0.554641107
W22000023,Brecon,11.60185097,null,0.622631109,1.578287822,0.37558584,0.670769755,1.030567952,0.322340488,2.411280115,0.305843135,0.188470637,0.527944353,1.270854055,0.702403656,1.473770777,1.083102571,0.9272457,1.670754153,0.564826123
W22000024,Cardiff,0.389878106,0.479671075,1.011468917,2.695617634,1.84632369,0.953795539,0.922095798,0.53779093,1.003882875,0.679356721,1.268211845,0.774213868,0.76348329,0.872070532,1.819248654,1.144035269,1.202690326,0.880128666,0.896809602
W22000025,Cardigan,23.8543155,6.530764311,0.810203542,0.497119747,0.711867299,1.240982717,1.318522004,1.275331796,2.535227687,0.286924919,0.204023231,0.807663066,0.585562049,0.534445659,0.418701646,0.990585869,0.762167382,0.640013922,0.770621977
W22000026,Colwyn Bay,3.830312241,null,0.285788697,1.298317304,0.374593639,1.157107054,1.138096691,0.478122059,2.603122319,0.335895058,0.474927269,0.514520352,0.500010929,0.938427402,1.09670039,1.02975863,1.314628165,0.927047596,0.714808145
W22000028,Llanelli,4.597609592,1.54541163,1.422616463,0.744525521,0.907665072,1.237818242,1.148075664,0.679686127,1.207567993,0.29012927,0.306578347,0.389648126,0.450328966,0.519166826,1.567718399,1.038623542,1.573132881,0.758968128,0.704714585
W22000029,Merthyr Tydfil,1.370557145,9.038574833,1.857664891,0.238032657,1.322893567,1.120596716,1.095228084,0.522151443,0.963864254,0.568736265,0.289040818,0.725670869,0.33861802,0.586979895,1.321905656,1.064847252,1.547001685,0.858485585,0.593062222
W22000030,Pwllheli and Porthmadog,10.73334038,5.119343936,0.636009072,0.998497653,1.317299319,1.189806369,1.315947803,0.469391331,3.510423456,0.182958959,0.184635515,0.458433671,0.286838307,0.275781054,1.241913069,0.80741867,0.860457262,1.815072605,0.686924802
W22000031,Rhyl,3.406788817,3.118475255,1.285703885,0.732229552,1.396211509,1.337979177,1.042837787,0.643991399,1.63633575,0.305695966,0.270492046,0.808905656,0.466018496,0.560843778,1.131215103,0.8522814,1.667659995,0.63635234,0.709052556
W22000032,Swansea,1.192428319,2.042059375,1.135865332,0.67661409,1.513739562,0.896951795,0.99873304,0.712374639,1.074332164,0.49263175,1.006926138,0.716981766,0.404553575,0.84328084,2.426795884,1.123043685,1.308821772,0.775066461,0.639305405
W22000033,Tywyn and Dolgellau,14.58279046,2.926041381,0.884243273,0.652809195,3.284104372,1.335813553,0.863972474,0.255763036,3.634442881,0.125657589,0.174759376,0.723183999,0.369401834,0.177649114,1.29876619,1.204201047,0.921611308,1.07103281,0.742314081
W22000034,Wrexham,2.090720486,0.788098242,2.370995599,1.536324823,2.320249033,0.783918323,0.964877659,0.622041544,0.828983523,0.409186618,0.207942312,0.357023109,0.374566498,0.86705017,1.349359507,0.934540628,1.483824089,0.720413817,0.867780524
